<?xml version='1.0' encoding='UTF-8'?>
<shortcuts>
	<shortcut>
		<defaultID>1037</defaultID>
		<label>Video Addons</label>
		<label2>Videos</label2>
		<icon>DefaultShortcut.png</icon>
		<thumb />
		<action>ActivateWindow(Videos,Addons,return)</action>
	</shortcut>
	<shortcut>
		<defaultID>programs</defaultID>
		<label>Programs</label>
		<label2>Programs</label2>
		<icon>DefaultShortcut.png</icon>
		<thumb />
		<action>ActivateWindow(Programs,Addons,return)</action>
	</shortcut>
	<shortcut>
		<defaultID>plugin.video.realizer</defaultID>
		<label>Realizer</label>
		<label2>Video Add-On</label2>
		<icon>DefaultShortcut.png</icon>
		<thumb>image://%2fhome%2fnazarja%2f.var%2fapp%2ftv.kodi.Kodi%2fdata%2faddons%2fplugin.video.realizer%2ficon.png/</thumb>
		<action>ActivateWindow(Videos,"plugin://plugin.video.realizer",return)</action>
	</shortcut>
	<shortcut>
		<defaultID>plugin.program.maintenance.helper</defaultID>
		<label>Maintenance</label>
		<label2>Program</label2>
		<icon>DefaultShortcut.png</icon>
		<thumb>image://%2fhome%2fnazarja%2f.var%2fapp%2ftv.kodi.Kodi%2fdata%2faddons%2fplugin.program.maintenance.helper%2fresources%2fimages%2ficon.png/</thumb>
		<action>ActivateWindow(Programs,"plugin://plugin.program.maintenance.helper",return)</action>
	</shortcut>
	<shortcut>
		<defaultID>script.file.editor</defaultID>
		<label>File Editor</label>
		<label2>Program</label2>
		<icon>DefaultShortcut.png</icon>
		<thumb>image://%2fhome%2fnazarja%2f.var%2fapp%2ftv.kodi.Kodi%2fdata%2faddons%2fscript.file.editor%2fresources%2fimages%2ficon.png/</thumb>
		<action>RunAddOn(script.file.editor)</action>
	</shortcut>
	<shortcut>
		<defaultID>script.keymap</defaultID>
		<label>Keymap Editor</label>
		<label2>Program</label2>
		<icon>DefaultShortcut.png</icon>
		<thumb>image://%2fhome%2fnazarja%2f.var%2fapp%2ftv.kodi.Kodi%2fdata%2faddons%2fscript.keymap%2ficon.png/</thumb>
		<action>RunAddOn(script.keymap)</action>
	</shortcut>
</shortcuts>
