<?xml version='1.0' encoding='UTF-8'?>
<shortcuts>
	<shortcut>
		<defaultID>plugin.video.fen</defaultID>
		<label>FEN</label>
		<label2>Video Add-On</label2>
		<icon>DefaultShortcut.png</icon>
		<thumb>image://%2fhome%2fnazarja%2f.var%2fapp%2ftv.kodi.Kodi%2fdata%2faddons%2fplugin.video.fen%2ficon.png/</thumb>
		<action>ActivateWindow(Videos,"plugin://plugin.video.fen",return)</action>
	</shortcut>
	<shortcut>
		<defaultID>plugin.video.gaia</defaultID>
		<label>Gaia</label>
		<label2>Video Add-On</label2>
		<icon>DefaultShortcut.png</icon>
		<thumb>image://%2fhome%2fnazarja%2f.var%2fapp%2ftv.kodi.Kodi%2fdata%2faddons%2fplugin.video.gaia%2ficon.png/</thumb>
		<action>ActivateWindow(Videos,"plugin://plugin.video.gaia",return)</action>
	</shortcut>
	<shortcut>
		<defaultID>plugin.video.venom</defaultID>
		<label>Venom</label>
		<label2>Video Add-On</label2>
		<icon>DefaultShortcut.png</icon>
		<thumb>image://%2fhome%2fnazarja%2f.var%2fapp%2ftv.kodi.Kodi%2fdata%2faddons%2fplugin.video.venom%2ficon.png/</thumb>
		<action>ActivateWindow(Videos,"plugin://plugin.video.venom",return)</action>
	</shortcut>
	<shortcut>
		<defaultID>plugin.video.wolfpack</defaultID>
		<label>Wolfpack</label>
		<label2>Video Add-On</label2>
		<icon>DefaultShortcut.png</icon>
		<thumb>image://%2fhome%2fnazarja%2f.var%2fapp%2ftv.kodi.Kodi%2fdata%2faddons%2fplugin.video.wolfpack%2ficon.png/</thumb>
		<action>ActivateWindow(Videos,"plugin://plugin.video.wolfpack",return)</action>
	</shortcut>
	<shortcut>
		<defaultID>plugin.video.themagicdragon</defaultID>
		<label>Magic Dragon</label>
		<label2>Video Add-On</label2>
		<icon>DefaultShortcut.png</icon>
		<thumb>image://%2fhome%2fnazarja%2f.var%2fapp%2ftv.kodi.Kodi%2fdata%2faddons%2fplugin.video.themagicdragon%2ficon.png/</thumb>
		<action>ActivateWindow(Videos,"plugin://plugin.video.themagicdragon",return)</action>
	</shortcut>
</shortcuts>
