<?xml version='1.0' encoding='UTF-8'?>
<shortcuts>
	<shortcut>
		<defaultID />
		<label>New Releases</label>
		<label2>Video Add-On</label2>
		<icon>DefaultShortcut.png</icon>
		<thumb>image://%2fhome%2fnazarja%2f.var%2fapp%2ftv.kodi.Kodi%2fdata%2faddons%2fscript.gaia.resources%2fresources%2fmedia%2ficons%2fwhite%2flarge%2fnew.png/</thumb>
		<action>ActivateWindow(Videos,"plugin://plugin.video.gaia/?action=moviesRetrieve&amp;url=new&amp;type=documentary&amp;kids=0",return)</action>
	</shortcut>
	<shortcut>
		<defaultID />
		<label>Cinema Releases</label>
		<label2>Video Add-On</label2>
		<icon>DefaultShortcut.png</icon>
		<thumb>image://%2fhome%2fnazarja%2f.var%2fapp%2ftv.kodi.Kodi%2fdata%2faddons%2fscript.gaia.resources%2fresources%2fmedia%2ficons%2fwhite%2flarge%2fhome.png/</thumb>
		<action>ActivateWindow(Videos,"plugin://plugin.video.gaia/?action=moviesRetrieve&amp;url=home&amp;type=documentary&amp;kids=0",return)</action>
	</shortcut>
	<shortcut>
		<defaultID />
		<label>Genres</label>
		<label2>Video Add-On</label2>
		<icon>DefaultShortcut.png</icon>
		<thumb>image://%2fhome%2fnazarja%2f.var%2fapp%2ftv.kodi.Kodi%2fdata%2faddons%2fscript.gaia.resources%2fresources%2fmedia%2ficons%2fwhite%2flarge%2fgenres.png/</thumb>
		<action>ActivateWindow(Videos,"plugin://plugin.video.gaia/?action=moviesGenres&amp;type=documentary&amp;kids=0",return)</action>
	</shortcut>
	<shortcut>
		<defaultID />
		<label>Years</label>
		<label2>Video Add-On</label2>
		<icon>DefaultShortcut.png</icon>
		<thumb>image://%2fhome%2fnazarja%2f.var%2fapp%2ftv.kodi.Kodi%2fdata%2faddons%2fscript.gaia.resources%2fresources%2fmedia%2ficons%2fwhite%2flarge%2fcalendar.png/</thumb>
		<action>ActivateWindow(Videos,"plugin://plugin.video.gaia/?action=moviesYears&amp;type=documentary&amp;kids=0",return)</action>
	</shortcut>
	<shortcut>
		<defaultID />
		<label>Nature Docs</label>
		<label2>Custom item</label2>
		<icon>DefaultShortcut.png</icon>
		<thumb>image://http%3a%2f%2fwww.ezzer-mac.com%2fEzzerman%2fNel%2fNymeria%2faddonicons%2fdocsclick.png/</thumb>
		<action>ActivateWindow(Videos,"plugin://plugin.video.athena/?mode=get_list&amp;url=http%3A%2F%2Fwww.ezzer-mac.com%2FEzzerman%2FNel%2Fnymeria1%2Ftext%2Fsirdavid.xml&amp;name=%5BCOLOR+FFffffffff%5D%E2%80%A2%E2%80%A2%5BB%5D%5BCOLOR+deeppink%5DSir+David+Attenborough%5B%2FCOLOR%5D%5B%2FB%5D%E2%80%A2%E2%80%A2%5B%2FCOLOR%5D&amp;iconimage=http%3A%2F%2Fwww.ezzer-mac.com%2FEzzerman%2FNel%2FNymeria%2Faddonicons%2Fatten.png&amp;fanart=%2Fhome%2Fnazarja%2F.var%2Fapp%2Ftv.kodi.Kodi%2Fdata%2Faddons%2Fplugin.video.athena%2Ffanart.jpg&amp;description=No+information+available",return)</action>
	</shortcut>
	<shortcut>
		<defaultID />
		<label>YouTube Docs</label>
		<label2>Custom item</label2>
		<icon>DefaultShortcut.png</icon>
		<thumb />
		<action>ActivateWindow(Videos,"plugin://plugin.video.athena/?mode=get_list&amp;url=http%3A%2F%2Fwww.ezzer-mac.com%2FEzzerman%2FNel%2Fnymeria1%2Ftext%2Fnymeriadocs.xml&amp;name=%5BCOLOR+FFffffffff%5D%E2%80%A2%E2%80%A2%5BB%5D%5BCOLOR+deeppink%5DAthena%27s%5B%2FCOLOR%5D+%5BCOLOR+white%5DYouTube%5B%2FCOLOR%5D+%5BCOLOR+deeppink%5DDocumentaries%5B%2FCOLOR%5D%5B%2FB%5D%E2%80%A2%E2%80%A2%5B%2FCOLOR%5D&amp;iconimage=http%3A%2F%2Fwww.ezzer-mac.com%2FEzzerman%2FNel%2FNymeria%2Faddonicons%2Fyoutube.png&amp;fanart=%2Fhome%2Fnazarja%2F.var%2Fapp%2Ftv.kodi.Kodi%2Fdata%2Faddons%2Fplugin.video.athena%2Ffanart.jpg&amp;description=No+information+available",return)</action>
	</shortcut>
	<shortcut>
		<defaultID />
		<label>UKTurk Docs</label>
		<label2>Video Add-On</label2>
		<icon>DefaultShortcut.png</icon>
		<thumb>image://http%3a%2f%2faddoncloud.org%2fukturk%2fUKTurk%2fthumbs%2fnew%2fUk%2520turk%2520thumbnails%2520documentaries.jpg/</thumb>
		<action>ActivateWindow(Videos,"plugin://plugin.video.ukturk/?url=http%3A%2F%2Faddoncloud.org%2Fukturk%2FUKTurk%2Fdocs%2FIndexx.txt&amp;mode=1&amp;name=Documentaries&amp;description=&amp;fanart=%2Fhome%2Fnazarja%2F.var%2Fapp%2Ftv.kodi.Kodi%2Fdata%2Faddons%2Fplugin.video.ukturk%2Ffanart.jpg&amp;iconimage=http%3A%2F%2Faddoncloud.org%2Fukturk%2FUKTurk%2Fthumbs%2Fnew%2FUk%2520turk%2520thumbnails%2520documentaries.jpg",return)</action>
	</shortcut>
	<shortcut>
		<defaultID />
		<label>Magic Dragon</label>
		<label2>Video Add-On</label2>
		<icon>DefaultShortcut.png</icon>
		<thumb>image://https%3a%2f%2fi.imgur.com%2fdm1Tk83.png/</thumb>
		<action>ActivateWindow(Videos,"plugin://plugin.video.themagicdragon/?url=https%3A%2F%2Fraw.githubusercontent.com%2Ftombebbs1%2Fmagicdragon%2Fmaster%2Fdocumentaries.txt&amp;mode=1&amp;name=%5BB%5D%5BI%5D%5BCOLORgreenyellow%5DDocumentary%27s%5B%2FB%5D%5B%2FI%5D%5B%2FCOLOR%5D&amp;fanart=https%3A%2F%2Fi.imgur.com%2FU5nKN8r.jpg",return)</action>
	</shortcut>
</shortcuts>
