<?xml version='1.0' encoding='UTF-8'?>
<shortcuts>
	<shortcut>
		<defaultID />
		<label>SaorView</label>
		<label2>Video Add-On</label2>
		<icon>DefaultShortcut.png</icon>
		<thumb>image://%2fhome%2fnazarja%2f.var%2fapp%2ftv.kodi.Kodi%2fdata%2faddons%2fplugin.video.hypersonicIPTV2%2ficon.png/</thumb>
		<action>ActivateWindow(Videos,"plugin://plugin.video.hypersonicIPTV2/?url=http%3A%2F%2Fmain.tvstreams.xyz%3A83%2Fenigma2.php%3Fusername%3D90362717%26password%3D52993212%26type%3Dget_live_streams%26cat_id%3D1180&amp;mode=2&amp;name=Ireland&amp;iconimage=%2Fhome%2Fnazarja%2F.var%2Fapp%2Ftv.kodi.Kodi%2Fdata%2Faddons%2Fplugin.video.hypersonicIPTV2%2Ficon.png&amp;description=",return)</action>
	</shortcut>
	<shortcut>
		<defaultID />
		<label>UK: News</label>
		<label2>Video Add-On</label2>
		<icon>DefaultShortcut.png</icon>
		<thumb>image://%2fhome%2fnazarja%2f.var%2fapp%2ftv.kodi.Kodi%2fdata%2faddons%2fplugin.video.hypersonicIPTV2%2ficon.png/</thumb>
		<action>ActivateWindow(Videos,"plugin://plugin.video.hypersonicIPTV2/?url=http%3A%2F%2Fmain.tvstreams.xyz%3A83%2Fenigma2.php%3Fusername%3D90362717%26password%3D52993212%26type%3Dget_live_streams%26cat_id%3D1214&amp;mode=2&amp;name=++++UK+News&amp;iconimage=%2Fhome%2Fnazarja%2F.var%2Fapp%2Ftv.kodi.Kodi%2Fdata%2Faddons%2Fplugin.video.hypersonicIPTV2%2Ficon.png&amp;description=",return)</action>
	</shortcut>
	<shortcut>
		<defaultID />
		<label>US: News</label>
		<label2>Video Add-On</label2>
		<icon>DefaultShortcut.png</icon>
		<thumb>image://%2fhome%2fnazarja%2f.var%2fapp%2ftv.kodi.Kodi%2fdata%2faddons%2fplugin.video.hypersonicIPTV2%2ficon.png/</thumb>
		<action>ActivateWindow(Videos,"plugin://plugin.video.hypersonicIPTV2/?url=http%3A%2F%2Fmain.tvstreams.xyz%3A83%2Fenigma2.php%3Fusername%3D90362717%26password%3D52993212%26type%3Dget_live_streams%26cat_id%3D65&amp;mode=2&amp;name=+++++US+News&amp;iconimage=%2Fhome%2Fnazarja%2F.var%2Fapp%2Ftv.kodi.Kodi%2Fdata%2Faddons%2Fplugin.video.hypersonicIPTV2%2Ficon.png&amp;description=",return)</action>
	</shortcut>
	<shortcut>
		<defaultID />
		<label>UK: Movies</label>
		<label2>Video Add-On</label2>
		<icon>DefaultShortcut.png</icon>
		<thumb>image://%2fhome%2fnazarja%2f.var%2fapp%2ftv.kodi.Kodi%2fdata%2faddons%2fplugin.video.hypersonicIPTV2%2ficon.png/</thumb>
		<action>ActivateWindow(Videos,"plugin://plugin.video.hypersonicIPTV2/?url=http%3A%2F%2Fmain.tvstreams.xyz%3A83%2Fenigma2.php%3Fusername%3D90362717%26password%3D52993212%26type%3Dget_live_streams%26cat_id%3D1668&amp;mode=2&amp;name=++++UK+Movie+Networks&amp;iconimage=%2Fhome%2Fnazarja%2F.var%2Fapp%2Ftv.kodi.Kodi%2Fdata%2Faddons%2Fplugin.video.hypersonicIPTV2%2Ficon.png&amp;description=",return)</action>
	</shortcut>
	<shortcut>
		<defaultID />
		<label>US: Movies</label>
		<label2>Video Add-On</label2>
		<icon>DefaultShortcut.png</icon>
		<thumb>image://%2fhome%2fnazarja%2f.var%2fapp%2ftv.kodi.Kodi%2fdata%2faddons%2fplugin.video.hypersonicIPTV2%2ficon.png/</thumb>
		<action>ActivateWindow(Videos,"plugin://plugin.video.hypersonicIPTV2/?url=http%3A%2F%2Fmain.tvstreams.xyz%3A83%2Fenigma2.php%3Fusername%3D90362717%26password%3D52993212%26type%3Dget_live_streams%26cat_id%3D1669&amp;mode=2&amp;name=+++++US+Movie+Networks&amp;iconimage=%2Fhome%2Fnazarja%2F.var%2Fapp%2Ftv.kodi.Kodi%2Fdata%2Faddons%2Fplugin.video.hypersonicIPTV2%2Ficon.png&amp;description=",return)</action>
	</shortcut>
	<shortcut>
		<defaultID />
		<label>UK: Entertainment</label>
		<label2>Video Add-On</label2>
		<icon>DefaultShortcut.png</icon>
		<thumb>image://%2fhome%2fnazarja%2f.var%2fapp%2ftv.kodi.Kodi%2fdata%2faddons%2fplugin.video.hypersonicIPTV2%2ficon.png/</thumb>
		<action>ActivateWindow(Videos,"plugin://plugin.video.hypersonicIPTV2/?url=http%3A%2F%2Fmain.tvstreams.xyz%3A83%2Fenigma2.php%3Fusername%3D90362717%26password%3D52993212%26type%3Dget_live_streams%26cat_id%3D691&amp;mode=2&amp;name=++++UK+Entertainment&amp;iconimage=%2Fhome%2Fnazarja%2F.var%2Fapp%2Ftv.kodi.Kodi%2Fdata%2Faddons%2Fplugin.video.hypersonicIPTV2%2Ficon.png&amp;description=",return)</action>
	</shortcut>
	<shortcut>
		<defaultID />
		<label>US: Entertainment</label>
		<label2>Video Add-On</label2>
		<icon>DefaultShortcut.png</icon>
		<thumb>image://%2fhome%2fnazarja%2f.var%2fapp%2ftv.kodi.Kodi%2fdata%2faddons%2fplugin.video.hypersonicIPTV2%2ficon.png/</thumb>
		<action>ActivateWindow(Videos,"plugin://plugin.video.hypersonicIPTV2/?url=http%3A%2F%2Fmain.tvstreams.xyz%3A83%2Fenigma2.php%3Fusername%3D90362717%26password%3D52993212%26type%3Dget_live_streams%26cat_id%3D1&amp;mode=2&amp;name=+++++US+Entertainment&amp;iconimage=%2Fhome%2Fnazarja%2F.var%2Fapp%2Ftv.kodi.Kodi%2Fdata%2Faddons%2Fplugin.video.hypersonicIPTV2%2Ficon.png&amp;description=",return)</action>
	</shortcut>
</shortcuts>
