<?xml version='1.0' encoding='UTF-8'?>
<shortcuts>
	<shortcut>
		<defaultID>movies</defaultID>
		<label>Movies</label>
		<label2>Custom item</label2>
		<icon>DefaultShortcut.png</icon>
		<thumb />
		<action>ActivateWindow(Videos,"plugin://plugin.video.venom/?action=movieNavigator",return)</action>
	</shortcut>
	<shortcut>
		<defaultID />
		<label>TV Shows</label>
		<label2>Custom item</label2>
		<icon>DefaultShortcut.png</icon>
		<thumb>image://%2fhome%2fnazarja%2f.var%2fapp%2ftv.kodi.Kodi%2fdata%2faddons%2fplugin.video.venom%2fresources%2fartwork%2fvenom%2ftrakt.png/</thumb>
		<action>ActivateWindow(Videos,"plugin://plugin.video.venom/?action=tvNavigator",return)</action>
	</shortcut>
	<shortcut>
		<defaultID />
		<label>Documentary</label>
		<label2>Custom item</label2>
		<icon>DefaultShortcut.png</icon>
		<thumb />
		<action>ActivateWindow(Videos,"plugin://plugin.video.gaia/?action=documentaries&amp;type=documentary&amp;kids=0",return)</action>
	</shortcut>
	<shortcut>
		<defaultID />
		<label>Sports</label>
		<label2>Custom item</label2>
		<icon>DefaultShortcut.png</icon>
		<thumb />
		<action>ActivateWindow(Videos,"plugin://plugin.video.hypersonicIPTV2/?url=live&amp;mode=1&amp;name=%5BCOLOR+white%5DLIVE+TV%5B%2FCOLOR%5D&amp;iconimage=%2Fhome%2Fnazarja%2F.var%2Fapp%2Ftv.kodi.Kodi%2Fdata%2Faddons%2Fplugin.video.hypersonicIPTV2%2Ficon2.png&amp;description=%5BCOLOR+dodgerblue%5DHypersonic+%5BCOLOR+white%5DIPTV2%5B%2FCOLOR%5D%5BCR%5D%5BCOLOR+white%5DDISCOVER+THE+FUTURE+OF+LIVE+TV%5B%2FCOLOR%5D%5BCR%5D%5BCOLORlime%5Dhttps%3A%2F%2Fgethypersonic.mytvpro.org%5B%2FCOLOR%5D%5BCR%5D%5BB%5D%5BCOLOR+yellow%5DPlease+download+our+APP+for+VOD%5B%2FCOLOR%5D%5B%2FB%5D%5BCR%5D%5BCOLOR+white%5DFileLinked+code%3A+70458521%5BCR%5D%5BCOLOR+lime%5Dhttp%3A%2F%2Fhypersonic-tv.com%2Fandroid%2F%5BCR%5Dhypersonic.apk%5B%2FCOLOR%5D",return)</action>
	</shortcut>
	<shortcut>
		<defaultID>livetv</defaultID>
		<label>Live TV</label>
		<label2>Custom item</label2>
		<icon>DefaultShortcut.png</icon>
		<thumb />
		<action>ActivateWindow(Videos,"plugin://plugin.video.hypersonicIPTV2/?url=live&amp;mode=1&amp;name=%5BCOLOR+white%5DLIVE+TV%5B%2FCOLOR%5D&amp;iconimage=%2Fhome%2Fnazarja%2F.var%2Fapp%2Ftv.kodi.Kodi%2Fdata%2Faddons%2Fplugin.video.hypersonicIPTV2%2Ficon2.png&amp;description=%5BCOLOR+dodgerblue%5DHypersonic+%5BCOLOR+white%5DIPTV2%5B%2FCOLOR%5D%5BCR%5D%5BCOLOR+white%5DDISCOVER+THE+FUTURE+OF+LIVE+TV%5B%2FCOLOR%5D%5BCR%5D%5BCOLORlime%5Dhttps%3A%2F%2Fgethypersonic.mytvpro.org%5B%2FCOLOR%5D%5BCR%5D%5BB%5D%5BCOLOR+yellow%5DPlease+download+our+APP+for+VOD%5B%2FCOLOR%5D%5B%2FB%5D%5BCR%5D%5BCOLOR+white%5DFileLinked+code%3A+70458521%5BCR%5D%5BCOLOR+lime%5Dhttp%3A%2F%2Fhypersonic-tv.com%2Fandroid%2F%5BCR%5Dhypersonic.apk%5B%2FCOLOR%5D",return)</action>
	</shortcut>
	<shortcut>
		<defaultID>programs</defaultID>
		<label>Addons</label>
		<label2>Custom item</label2>
		<icon>DefaultShortcut.png</icon>
		<thumb />
		<action>ActivateWindow(AddonBrowser)</action>
	</shortcut>
	<shortcut>
		<defaultID>settings</defaultID>
		<label>System</label>
		<label2>Common menu item</label2>
		<icon>DefaultShortcut.png</icon>
		<thumb />
		<action>ActivateWindow(Settings)</action>
	</shortcut>
</shortcuts>
