<?xml version='1.0' encoding='UTF-8'?>
<shortcuts>
	<shortcut>
		<defaultID />
		<label>Trending</label>
		<label2>Video Add-On</label2>
		<icon>DefaultShortcut.png</icon>
		<thumb>image://%2fhome%2fnazarja%2f.var%2fapp%2ftv.kodi.Kodi%2fdata%2faddons%2fplugin.video.venom%2fresources%2fartwork%2fvenom%2ftrakt.png/</thumb>
		<action>ActivateWindow(Videos,"plugin://plugin.video.venom/?action=movies&amp;url=trakttrending",return)</action>
	</shortcut>
	<shortcut>
		<defaultID />
		<label>Featured</label>
		<label2>Video Add-On</label2>
		<icon>DefaultShortcut.png</icon>
		<thumb>image://%2fhome%2fnazarja%2f.var%2fapp%2ftv.kodi.Kodi%2fdata%2faddons%2fplugin.video.venom%2fresources%2fartwork%2fvenom%2fimdb.png/</thumb>
		<action>ActivateWindow(Videos,"plugin://plugin.video.venom/?action=movies&amp;url=featured",return)</action>
	</shortcut>
	<shortcut>
		<defaultID />
		<label>Latest Releases</label>
		<label2>Video Add-On</label2>
		<icon>DefaultShortcut.png</icon>
		<thumb>image://%2fhome%2fnazarja%2f.var%2fapp%2ftv.kodi.Kodi%2fdata%2faddons%2fscript.tiki.artwork%2fresources%2fmedia%2flight%2fdvd.png/</thumb>
		<action>ActivateWindow(Videos,"plugin://plugin.video.fen/?action=tmdb_movies_latest_releases&amp;foldername=Latest+Releases&amp;iconImage=dvd.png&amp;mode=build_movie_list&amp;name=Latest+Releases",return)</action>
	</shortcut>
	<shortcut>
		<defaultID />
		<label>New Movies</label>
		<label2>Video Add-On</label2>
		<icon>DefaultShortcut.png</icon>
		<thumb>image://%2fhome%2fnazarja%2f.var%2fapp%2ftv.kodi.Kodi%2fdata%2faddons%2fplugin.video.venom%2fresources%2fartwork%2fexuary%2fimdb.png/</thumb>
		<action>ActivateWindow(Videos,"plugin://plugin.video.venom/?action=newMovies",return)</action>
	</shortcut>
	<shortcut>
		<defaultID />
		<label>Genres</label>
		<label2>Video Add-On</label2>
		<icon>DefaultShortcut.png</icon>
		<thumb>image://%2fhome%2fnazarja%2f.var%2fapp%2ftv.kodi.Kodi%2fdata%2faddons%2fplugin.video.venom%2fresources%2fartwork%2fvenom%2fimdb.png/</thumb>
		<action>ActivateWindow(Videos,"plugin://plugin.video.venom/?action=movieGenres",return)</action>
	</shortcut>
	<shortcut>
		<defaultID />
		<label>Years</label>
		<label2>Video Add-On</label2>
		<icon>DefaultShortcut.png</icon>
		<thumb>image://%2fhome%2fnazarja%2f.var%2fapp%2ftv.kodi.Kodi%2fdata%2faddons%2fplugin.video.venom%2fresources%2fartwork%2fvenom%2fimdb.png/</thumb>
		<action>ActivateWindow(Videos,"plugin://plugin.video.venom/?action=movieYears",return)</action>
	</shortcut>
	<shortcut>
		<defaultID />
		<label>Languages</label>
		<label2>Video Add-On</label2>
		<icon>DefaultShortcut.png</icon>
		<thumb>image://%2fhome%2fnazarja%2f.var%2fapp%2ftv.kodi.Kodi%2fdata%2faddons%2fscript.tiki.artwork%2fresources%2fmedia%2flight%2flanguages.png/</thumb>
		<action>ActivateWindow(Videos,"plugin://plugin.video.fen/?menu_type=movie&amp;foldername=Movie+Languages&amp;iconImage=languages.png&amp;mode=navigator.languages&amp;name=Languages",return)</action>
	</shortcut>
	<shortcut>
		<defaultID />
		<label>Collections</label>
		<label2>Video Add-On</label2>
		<icon>DefaultShortcut.png</icon>
		<thumb>image://%2fhome%2fnazarja%2f.var%2fapp%2ftv.kodi.Kodi%2fdata%2faddons%2fplugin.video.venom%2fresources%2fartwork%2fvenom%2fboxsets.png/</thumb>
		<action>ActivateWindow(Videos,"plugin://plugin.video.venom/?action=collectionsNavigator",return)</action>
	</shortcut>
	<shortcut>
		<defaultID />
		<label>Top Movies</label>
		<label2>Video Add-On</label2>
		<icon>DefaultShortcut.png</icon>
		<thumb>image://%2fhome%2fnazarja%2f.var%2fapp%2ftv.kodi.Kodi%2fdata%2faddons%2fplugin.video.uranus%2fresources%2fartwork%2furanus%2fcritter.jpg/</thumb>
		<action>ActivateWindow(Videos,"plugin://plugin.video.uranus/?action=critterLists",return)</action>
	</shortcut>
	<shortcut>
		<defaultID />
		<label>Library</label>
		<label2>Custom item</label2>
		<icon>DefaultShortcut.png</icon>
		<thumb />
		<action>ActivateWindow(Videos,library://video/movies/titles.xml/,return)</action>
	</shortcut>
</shortcuts>
