<?xml version='1.0' encoding='UTF-8'?>
<shortcuts>
	<shortcut>
		<defaultID />
		<label>Search Movies</label>
		<label2>Video Add-On</label2>
		<icon>DefaultShortcut.png</icon>
		<thumb>image://%2fhome%2fnazarja%2f.var%2fapp%2ftv.kodi.Kodi%2fdata%2faddons%2fplugin.video.venom%2fresources%2fartwork%2fvenom%2fsearch.png/</thumb>
		<action>ActivateWindow(Videos,"plugin://plugin.video.venom/?action=movieSearch",return)</action>
	</shortcut>
	<shortcut>
		<defaultID />
		<label>Search TV Shows</label>
		<label2>Video Add-On</label2>
		<icon>DefaultShortcut.png</icon>
		<thumb>image://%2fhome%2fnazarja%2f.var%2fapp%2ftv.kodi.Kodi%2fdata%2faddons%2fplugin.video.venom%2fresources%2fartwork%2fvenom%2fsearch.png/</thumb>
		<action>ActivateWindow(Videos,"plugin://plugin.video.venom/?action=tvSearch",return)</action>
	</shortcut>
	<shortcut>
		<defaultID />
		<label>Search Advanced</label>
		<label2>Video Add-On</label2>
		<icon>DefaultShortcut.png</icon>
		<thumb>image://%2fhome%2fnazarja%2f.var%2fapp%2ftv.kodi.Kodi%2fdata%2faddons%2fscript.tiki.artwork%2fresources%2fmedia%2flight%2fdiscover.png/</thumb>
		<action>ActivateWindow(Videos,"plugin://plugin.video.fen/?iconImage=discover.png&amp;mode=navigator.discover_main&amp;name=Discover&amp;foldername=Discover",return)</action>
	</shortcut>
</shortcuts>
