<?xml version='1.0' encoding='UTF-8'?>
<shortcuts>
	<shortcut>
		<defaultID />
		<label>Sky Sports</label>
		<label2>Video Add-On</label2>
		<icon>DefaultShortcut.png</icon>
		<thumb>image://%2fhome%2fnazarja%2f.var%2fapp%2ftv.kodi.Kodi%2fdata%2faddons%2fplugin.video.hypersonicIPTV2%2ficon.png/</thumb>
		<action>ActivateWindow(Videos,"plugin://plugin.video.hypersonicIPTV2/?url=http%3A%2F%2Fmain.tvstreams.xyz%3A83%2Fenigma2.php%3Fusername%3D90362717%26password%3D52993212%26type%3Dget_live_streams%26cat_id%3D1525&amp;mode=2&amp;name=++Sky+Sports+Networks&amp;iconimage=%2Fhome%2Fnazarja%2F.var%2Fapp%2Ftv.kodi.Kodi%2Fdata%2Faddons%2Fplugin.video.hypersonicIPTV2%2Ficon.png&amp;description=",return)</action>
	</shortcut>
	<shortcut>
		<defaultID />
		<label>BT Sports</label>
		<label2>Video Add-On</label2>
		<icon>DefaultShortcut.png</icon>
		<thumb>image://%2fhome%2fnazarja%2f.var%2fapp%2ftv.kodi.Kodi%2fdata%2faddons%2fplugin.video.hypersonicIPTV2%2ficon.png/</thumb>
		<action>ActivateWindow(Videos,"plugin://plugin.video.hypersonicIPTV2/?url=http%3A%2F%2Fmain.tvstreams.xyz%3A83%2Fenigma2.php%3Fusername%3D90362717%26password%3D52993212%26type%3Dget_live_streams%26cat_id%3D1526&amp;mode=2&amp;name=++BT+Sports+Networks&amp;iconimage=%2Fhome%2Fnazarja%2F.var%2Fapp%2Ftv.kodi.Kodi%2Fdata%2Faddons%2Fplugin.video.hypersonicIPTV2%2Ficon.png&amp;description=",return)</action>
	</shortcut>
	<shortcut>
		<defaultID />
		<label>FOX Sports</label>
		<label2>Video Add-On</label2>
		<icon>DefaultShortcut.png</icon>
		<thumb>image://%2fhome%2fnazarja%2f.var%2fapp%2ftv.kodi.Kodi%2fdata%2faddons%2fplugin.video.hypersonicIPTV2%2ficon.png/</thumb>
		<action>ActivateWindow(Videos,"plugin://plugin.video.hypersonicIPTV2/?url=http%3A%2F%2Fmain.tvstreams.xyz%3A83%2Fenigma2.php%3Fusername%3D90362717%26password%3D52993212%26type%3Dget_live_streams%26cat_id%3D1520&amp;mode=2&amp;name=+++FOX+Sports+Networks&amp;iconimage=%2Fhome%2Fnazarja%2F.var%2Fapp%2Ftv.kodi.Kodi%2Fdata%2Faddons%2Fplugin.video.hypersonicIPTV2%2Ficon.png&amp;description=",return)</action>
	</shortcut>
	<shortcut>
		<defaultID />
		<label>NBC Sports</label>
		<label2>Video Add-On</label2>
		<icon>DefaultShortcut.png</icon>
		<thumb>image://%2fhome%2fnazarja%2f.var%2fapp%2ftv.kodi.Kodi%2fdata%2faddons%2fplugin.video.hypersonicIPTV2%2ficon.png/</thumb>
		<action>ActivateWindow(Videos,"plugin://plugin.video.hypersonicIPTV2/?url=http%3A%2F%2Fmain.tvstreams.xyz%3A83%2Fenigma2.php%3Fusername%3D90362717%26password%3D52993212%26type%3Dget_live_streams%26cat_id%3D1159&amp;mode=2&amp;name=+++NBC+Sports+Networks&amp;iconimage=%2Fhome%2Fnazarja%2F.var%2Fapp%2Ftv.kodi.Kodi%2Fdata%2Faddons%2Fplugin.video.hypersonicIPTV2%2Ficon.png&amp;description=",return)</action>
	</shortcut>
	<shortcut>
		<defaultID />
		<label>ESPN Sports</label>
		<label2>Video Add-On</label2>
		<icon>DefaultShortcut.png</icon>
		<thumb>image://%2fhome%2fnazarja%2f.var%2fapp%2ftv.kodi.Kodi%2fdata%2faddons%2fplugin.video.hypersonicIPTV2%2ficon.png/</thumb>
		<action>ActivateWindow(Videos,"plugin://plugin.video.hypersonicIPTV2/?url=http%3A%2F%2Fmain.tvstreams.xyz%3A83%2Fenigma2.php%3Fusername%3D90362717%26password%3D52993212%26type%3Dget_live_streams%26cat_id%3D1384&amp;mode=2&amp;name=+++ESPN+Networks&amp;iconimage=%2Fhome%2Fnazarja%2F.var%2Fapp%2Ftv.kodi.Kodi%2Fdata%2Faddons%2Fplugin.video.hypersonicIPTV2%2Ficon.png&amp;description=",return)</action>
	</shortcut>
	<shortcut>
		<defaultID />
		<label>INT: Sports</label>
		<label2>Video Add-On</label2>
		<icon>DefaultShortcut.png</icon>
		<thumb>image://%2fhome%2fnazarja%2f.var%2fapp%2ftv.kodi.Kodi%2fdata%2faddons%2fplugin.video.hypersonicIPTV2%2ficon.png/</thumb>
		<action>ActivateWindow(Videos,"plugin://plugin.video.hypersonicIPTV2/?url=http%3A%2F%2Fmain.tvstreams.xyz%3A83%2Fenigma2.php%3Fusername%3D90362717%26password%3D52993212%26type%3Dget_live_streams%26cat_id%3D9&amp;mode=2&amp;name=++International+Sports&amp;iconimage=%2Fhome%2Fnazarja%2F.var%2Fapp%2Ftv.kodi.Kodi%2Fdata%2Faddons%2Fplugin.video.hypersonicIPTV2%2Ficon.png&amp;description=",return)</action>
	</shortcut>
	<shortcut>
		<defaultID />
		<label>UK: Sports</label>
		<label2>Video Add-On</label2>
		<icon>DefaultShortcut.png</icon>
		<thumb>image://%2fhome%2fnazarja%2f.var%2fapp%2ftv.kodi.Kodi%2fdata%2faddons%2fplugin.video.hypersonicIPTV2%2ficon.png/</thumb>
		<action>ActivateWindow(Videos,"plugin://plugin.video.hypersonicIPTV2/?url=http%3A%2F%2Fmain.tvstreams.xyz%3A83%2Fenigma2.php%3Fusername%3D90362717%26password%3D52993212%26type%3Dget_live_streams%26cat_id%3D690&amp;mode=2&amp;name=++UK+Sports&amp;iconimage=%2Fhome%2Fnazarja%2F.var%2Fapp%2Ftv.kodi.Kodi%2Fdata%2Faddons%2Fplugin.video.hypersonicIPTV2%2Ficon.png&amp;description=",return)</action>
	</shortcut>
	<shortcut>
		<defaultID />
		<label>CA: Sports</label>
		<label2>Video Add-On</label2>
		<icon>DefaultShortcut.png</icon>
		<thumb>image://%2fhome%2fnazarja%2f.var%2fapp%2ftv.kodi.Kodi%2fdata%2faddons%2fplugin.video.hypersonicIPTV2%2ficon.png/</thumb>
		<action>ActivateWindow(Videos,"plugin://plugin.video.hypersonicIPTV2/?url=http%3A%2F%2Fmain.tvstreams.xyz%3A83%2Fenigma2.php%3Fusername%3D90362717%26password%3D52993212%26type%3Dget_live_streams%26cat_id%3D713&amp;mode=2&amp;name=Canada+Sports&amp;iconimage=%2Fhome%2Fnazarja%2F.var%2Fapp%2Ftv.kodi.Kodi%2Fdata%2Faddons%2Fplugin.video.hypersonicIPTV2%2Ficon.png&amp;description=",return)</action>
	</shortcut>
	<shortcut>
		<defaultID />
		<label>US: Sports</label>
		<label2>Video Add-On</label2>
		<icon>DefaultShortcut.png</icon>
		<thumb>image://%2fhome%2fnazarja%2f.var%2fapp%2ftv.kodi.Kodi%2fdata%2faddons%2fplugin.video.hypersonicIPTV2%2ficon.png/</thumb>
		<action>ActivateWindow(Videos,"plugin://plugin.video.hypersonicIPTV2/?url=http%3A%2F%2Fmain.tvstreams.xyz%3A83%2Fenigma2.php%3Fusername%3D90362717%26password%3D52993212%26type%3Dget_live_streams%26cat_id%3D664&amp;mode=2&amp;name=+++US+Sports&amp;iconimage=%2Fhome%2Fnazarja%2F.var%2Fapp%2Ftv.kodi.Kodi%2Fdata%2Faddons%2Fplugin.video.hypersonicIPTV2%2Ficon.png&amp;description=",return)</action>
	</shortcut>
	<shortcut>
		<defaultID />
		<label>Live EPL</label>
		<label2>Video Add-On</label2>
		<icon>DefaultShortcut.png</icon>
		<thumb>image://%2fhome%2fnazarja%2f.var%2fapp%2ftv.kodi.Kodi%2fdata%2faddons%2fplugin.video.hypersonicIPTV2%2ficon.png/</thumb>
		<action>ActivateWindow(Videos,"plugin://plugin.video.hypersonicIPTV2/?url=http%3A%2F%2Fmain.tvstreams.xyz%3A83%2Fenigma2.php%3Fusername%3D90362717%26password%3D52993212%26type%3Dget_live_streams%26cat_id%3D1383&amp;mode=2&amp;name=++Live+Football+EPL&amp;iconimage=%2Fhome%2Fnazarja%2F.var%2Fapp%2Ftv.kodi.Kodi%2Fdata%2Faddons%2Fplugin.video.hypersonicIPTV2%2Ficon.png&amp;description=",return)</action>
	</shortcut>
</shortcuts>
