<?xml version='1.0' encoding='UTF-8'?>
<shortcuts>
	<shortcut>
		<defaultID />
		<label>Trending</label>
		<label2>Video Add-On</label2>
		<icon>DefaultShortcut.png</icon>
		<thumb>image://%2fhome%2fnazarja%2f.var%2fapp%2ftv.kodi.Kodi%2fdata%2faddons%2fplugin.video.venom%2fresources%2fartwork%2fvenom%2ftrakt.png/</thumb>
		<action>ActivateWindow(Videos,"plugin://plugin.video.venom/?action=tvshows&amp;url=trakttrending",return)</action>
	</shortcut>
	<shortcut>
		<defaultID />
		<label>Most Popular</label>
		<label2>Video Add-On</label2>
		<icon>DefaultShortcut.png</icon>
		<thumb>image://%2fhome%2fnazarja%2f.var%2fapp%2ftv.kodi.Kodi%2fdata%2faddons%2fplugin.video.venom%2fresources%2fartwork%2fvenom%2fimdb.png/</thumb>
		<action>ActivateWindow(Videos,"plugin://plugin.video.venom/?action=tvshows&amp;url=popular",return)</action>
	</shortcut>
	<shortcut>
		<defaultID />
		<label>Now On TV</label>
		<label2>Video Add-On</label2>
		<icon>DefaultShortcut.png</icon>
		<thumb>image://%2fhome%2fnazarja%2f.var%2fapp%2ftv.kodi.Kodi%2fdata%2faddons%2fplugin.video.venom%2fresources%2fartwork%2fvenom%2ftmdb.png/</thumb>
		<action>ActivateWindow(Videos,"plugin://plugin.video.venom/?action=tmdbTvshows&amp;url=tmdb_ontheair",return)</action>
	</shortcut>
	<shortcut>
		<defaultID />
		<label>New TV Shows</label>
		<label2>Video Add-On</label2>
		<icon>DefaultShortcut.png</icon>
		<thumb>image://%2fhome%2fnazarja%2f.var%2fapp%2ftv.kodi.Kodi%2fdata%2faddons%2fplugin.video.venom%2fresources%2fartwork%2fvenom%2fimdb.png/</thumb>
		<action>ActivateWindow(Videos,"plugin://plugin.video.venom/?action=tvshows&amp;url=premiere",return)</action>
	</shortcut>
	<shortcut>
		<defaultID />
		<label>Returning TV Shows</label>
		<label2>Video Add-On</label2>
		<icon>DefaultShortcut.png</icon>
		<thumb>image://%2fhome%2fnazarja%2f.var%2fapp%2ftv.kodi.Kodi%2fdata%2faddons%2fplugin.video.venom%2fresources%2fartwork%2fvenom%2fimdb.png/</thumb>
		<action>ActivateWindow(Videos,"plugin://plugin.video.venom/?action=tvshows&amp;url=active",return)</action>
	</shortcut>
	<shortcut>
		<defaultID />
		<label>Genres</label>
		<label2>Video Add-On</label2>
		<icon>DefaultShortcut.png</icon>
		<thumb>image://%2fhome%2fnazarja%2f.var%2fapp%2ftv.kodi.Kodi%2fdata%2faddons%2fplugin.video.venom%2fresources%2fartwork%2fvenom%2fimdb.png/</thumb>
		<action>ActivateWindow(Videos,"plugin://plugin.video.venom/?action=tvGenres",return)</action>
	</shortcut>
	<shortcut>
		<defaultID />
		<label>Networks</label>
		<label2>Video Add-On</label2>
		<icon>DefaultShortcut.png</icon>
		<thumb>image://%2fhome%2fnazarja%2f.var%2fapp%2ftv.kodi.Kodi%2fdata%2faddons%2fplugin.video.venom%2fresources%2fartwork%2fvenom%2ftvmaze.png/</thumb>
		<action>ActivateWindow(Videos,"plugin://plugin.video.venom/?action=tvNetworks",return)</action>
	</shortcut>
	<shortcut>
		<defaultID />
		<label>Years</label>
		<label2>Video Add-On</label2>
		<icon>DefaultShortcut.png</icon>
		<thumb>image://%2fhome%2fnazarja%2f.var%2fapp%2ftv.kodi.Kodi%2fdata%2faddons%2fscript.tiki.artwork%2fresources%2fmedia%2flight%2fcalender.png/</thumb>
		<action>ActivateWindow(Videos,"plugin://plugin.video.fen/?menu_type=tvshow&amp;foldername=TV+Show+Years&amp;iconImage=calender.png&amp;mode=navigator.years&amp;name=Years",return)</action>
	</shortcut>
	<shortcut>
		<defaultID />
		<label>Languages</label>
		<label2>Video Add-On</label2>
		<icon>DefaultShortcut.png</icon>
		<thumb>image://%2fhome%2fnazarja%2f.var%2fapp%2ftv.kodi.Kodi%2fdata%2faddons%2fscript.tiki.artwork%2fresources%2fmedia%2flight%2flanguages.png/</thumb>
		<action>ActivateWindow(Videos,"plugin://plugin.video.fen/?menu_type=tvshow&amp;iconImage=languages.png&amp;mode=navigator.languages&amp;name=Languages&amp;foldername=TV+Show+Languages",return)</action>
	</shortcut>
</shortcuts>
