<?xml version="1.0" encoding="UTF-8" standalone="yes"?>
<addon id="context.fanart.dl" name="Fanart DL" version="1.0.0" provider-name="nazarja">
	<requires>
		<import addon="xbmc.python" version="2.23.0"/>
		<import addon="script.module.requests" version="2.19.1"/>
	</requires>
	<extension point="kodi.context.item">
	  <menu id="kodi.core.main">
	    <item library="default.py">
	      <label>32000</label>
	      <visible>Container.Content(movies) | Container.Content(tvshows)</visible>
	      <visible>!String.IsEmpty(ListItem.Art(fanart)) | !String.IsEmpty(ListItem.Title) </visible>
	    </item>
	  </menu>
	</extension>
	<extension point="xbmc.addon.metadata">
		<platform>all</platform>
		<summary lang="en">Context Menu Fanart Downloader</summary>
		<description lang="en">A script to download the current fanart background from the context menu to a folder on your system. Useful for building up your home screen fanart collection.</description>
		<license>GNU GENERAL PUBLIC LICENSE. Version 3, 29 June 2007</license>
		<source>https://github.com/nazarja/script.fanart.dl/</source>
		<assets>
			<icon>resources/images/icon.png</icon>
			<fanart>resources/images/fanart.jpg</fanart>
			<screenshot>resources/images/1.png</screenshot>
			<screenshot>resources/images/2.png</screenshot>
		</assets>
	</extension>
</addon>


