<?xml version="1.0" encoding="UTF-8"?>
<window>
	<zorder>3</zorder>
	<controls>
		<control type="group">
			<depth>DepthMax</depth>
			<top>5</top>
			<right>-20</right>
			<width>660</width>
			<include>OpenClose_Right</include>
			<visible>String.IsEmpty(Window(Home).Property(script.cinemavision.running))</visible>
			<control type="image">
				<left>0</left>
				<top>0</top>
				<width>640</width>
				<height>160</height>
				<texture colordiffuse="FF000000">dialogs/panel.png</texture>
				<bordertexture colordiffuse="FF000000" border="21">overlays/shadow.png</bordertexture>
				<bordersize>20</bordersize>
			</control>
			<control type="image">
				<left>0</left>
				<top>0</top>
				<width>640</width>
				<height>160</height>
				<texture colordiffuse="FF000000">dialogs/panel.png</texture>
				<bordertexture colordiffuse="FF000000" border="21">overlays/shadow.png</bordertexture>
				<bordersize>20</bordersize>
			</control>
			<control type="image" id="400">
				<description>avatar</description>
				<left>25</left>
				<top>25</top>
				<width>110</width>
				<height>110</height>
				<aspectratio>keep</aspectratio>
				<texture>buttons/information.png</texture>
			</control>
			<control type="fadelabel" id="401">
				<description>Line 1 Label</description>
				<left>150</left>
				<top>45</top>
				<width>450</width>
				<height>18</height>
				<font>font_notification_title</font>
				<aligny>center</aligny>
				<scrollout>false</scrollout>
				<pauseatend>2000</pauseatend>
				<textcolor>$VAR[AccentColor]</textcolor>
			</control>
			<control type="fadelabel" id="402">
				<description>Line 2 Label</description>
				<left>151</left>
				<top>73</top>
				<width>450</width>
				<height>60</height>
				<font>font_notification_description</font>
				<aligny>center</aligny>
				<scrollout>false</scrollout>
				<pauseatend>2000</pauseatend>
			</control>
			<control type="image">
				<left>151</left>
				<top>73</top>
				<width>110</width>
				<height>110</height>
				<aspectratio>keep</aspectratio>
				<texture>buttons/information.png</texture>
			</control>
		</control>
	</controls>
</window>
