<?xml version='1.0' encoding='UTF-8'?>
<includes>
	<include name="skinshortcuts-mainmenu">
		<item id="1">
			<property name="id">$NUMBER[1]</property>
			<label>Movies</label>
			<label2>Custom item</label2>
			<icon>DefaultShortcut.png</icon>
			<thumb />
			<property name="labelID">movies</property>
			<property name="defaultID">movies</property>
			<onclick>ActivateWindow(Videos,Addons,return)</onclick>
			<property name="path">ActivateWindow(Videos,Addons,return)</property>
			<property name="list">Addons</property>
			<visible>String.IsEqual(System.ProfileName,Master user)</visible>
			<property name="submenuVisibility">movies</property>
			<property name="group">mainmenu</property>
			<property name="hasSubmenu">True</property>
		</item>
		<item id="2">
			<property name="id">$NUMBER[2]</property>
			<label>TV Shows</label>
			<label2>Custom item</label2>
			<icon>DefaultShortcut.png</icon>
			<thumb />
			<property name="labelID">tvshows</property>
			<property name="defaultID">tvshows</property>
			<onclick>ActivateWindow(Videos,Addons,return)</onclick>
			<property name="path">ActivateWindow(Videos,Addons,return)</property>
			<property name="list">Addons</property>
			<visible>String.IsEqual(System.ProfileName,Master user)</visible>
			<property name="submenuVisibility">tvshows</property>
			<property name="group">mainmenu</property>
			<property name="hasSubmenu">True</property>
		</item>
		<item id="3">
			<property name="id">$NUMBER[3]</property>
			<label>Documentary</label>
			<label2>Custom item</label2>
			<icon>DefaultShortcut.png</icon>
			<thumb />
			<property name="labelID">documentary</property>
			<property name="defaultID" />
			<onclick>ActivateWindow(Videos,Addons,return)</onclick>
			<property name="path">ActivateWindow(Videos,Addons,return)</property>
			<property name="list">Addons</property>
			<visible>String.IsEqual(System.ProfileName,Master user)</visible>
			<property name="submenuVisibility">documentary</property>
			<property name="group">mainmenu</property>
			<property name="hasSubmenu">True</property>
		</item>
		<item id="4">
			<property name="id">$NUMBER[4]</property>
			<label>Sports</label>
			<label2>Custom item</label2>
			<icon>DefaultShortcut.png</icon>
			<thumb />
			<property name="labelID">sports</property>
			<property name="defaultID" />
			<onclick>noop</onclick>
			<property name="path">noop</property>
			<property name="list">noop</property>
			<visible>String.IsEqual(System.ProfileName,Master user)</visible>
			<property name="submenuVisibility">sports</property>
			<property name="group">mainmenu</property>
			<property name="hasSubmenu">True</property>
		</item>
		<item id="5">
			<property name="id">$NUMBER[5]</property>
			<label>Live TV</label>
			<label2>Custom item</label2>
			<icon>DefaultShortcut.png</icon>
			<thumb />
			<property name="labelID">livetv</property>
			<property name="defaultID">livetv</property>
			<onclick>ActivateWindow(Videos,Addons,return)</onclick>
			<property name="path">ActivateWindow(Videos,Addons,return)</property>
			<property name="list">Addons</property>
			<visible>String.IsEqual(System.ProfileName,Master user)</visible>
			<property name="submenuVisibility">livetv</property>
			<property name="group">mainmenu</property>
			<property name="hasSubmenu">True</property>
		</item>
		<item id="6">
			<property name="id">$NUMBER[6]</property>
			<label>Music</label>
			<label2>Custom item</label2>
			<icon>DefaultShortcut.png</icon>
			<thumb />
			<property name="labelID">music</property>
			<property name="defaultID">music</property>
			<onclick>ActivateWindow(Music,Addons,return)</onclick>
			<property name="path">ActivateWindow(Music,Addons,return)</property>
			<property name="list">Addons</property>
			<visible>String.IsEqual(System.ProfileName,Master user)</visible>
			<property name="submenuVisibility">music</property>
			<property name="group">mainmenu</property>
			<property name="hasSubmenu">True</property>
		</item>
		<item id="7">
			<property name="id">$NUMBER[7]</property>
			<label>Addons</label>
			<label2>Custom item</label2>
			<icon>DefaultShortcut.png</icon>
			<thumb />
			<property name="labelID">addons</property>
			<property name="defaultID">programs</property>
			<onclick>ActivateWindow(AddonBrowser)</onclick>
			<property name="path">ActivateWindow(AddonBrowser)</property>
			<property name="list">AddonBrowser</property>
			<visible>String.IsEqual(System.ProfileName,Master user)</visible>
			<property name="submenuVisibility">addons</property>
			<property name="group">mainmenu</property>
			<property name="hasSubmenu">True</property>
		</item>
		<item id="8">
			<property name="id">$NUMBER[8]</property>
			<label>System</label>
			<label2>Common menu item</label2>
			<icon>DefaultShortcut.png</icon>
			<thumb />
			<property name="labelID">system</property>
			<property name="defaultID">settings</property>
			<onclick>ActivateWindow(Settings)</onclick>
			<property name="path">ActivateWindow(Settings)</property>
			<property name="list">Settings</property>
			<visible>String.IsEqual(System.ProfileName,Master user)</visible>
			<property name="submenuVisibility">system</property>
			<property name="group">mainmenu</property>
			<property name="hasSubmenu">True</property>
		</item>
	</include>
	<include />
	<include name="skinshortcuts-submenu">
		<item id="1">
			<property name="id">$NUMBER[1]</property>
			<property name="mainmenuid">1</property>
			<label>Trending</label>
			<label2>Custom item</label2>
			<icon>DefaultShortcut.png</icon>
			<thumb />
			<property name="labelID">trending</property>
			<property name="defaultID" />
			<onclick>noop</onclick>
			<property name="path">noop</property>
			<property name="list">noop</property>
			<visible>[String.IsEqual(System.ProfileName,Master user)] + String.IsEqual(Container(9000).ListItem.Property(submenuVisibility),movies)</visible>
			<property name="group">movies</property>
			<property name="isSubmenu">True</property>
		</item>
		<item id="2">
			<property name="id">$NUMBER[2]</property>
			<property name="mainmenuid">1</property>
			<label>Library</label>
			<label2>Custom item</label2>
			<icon>DefaultShortcut.png</icon>
			<thumb />
			<property name="labelID">library</property>
			<property name="defaultID" />
			<onclick>ActivateWindow(Videos,sources://video/,return)</onclick>
			<property name="path">ActivateWindow(Videos,sources://video/,return)</property>
			<property name="list">sources://video/</property>
			<visible>[String.IsEqual(System.ProfileName,Master user)] + String.IsEqual(Container(9000).ListItem.Property(submenuVisibility),movies)</visible>
			<property name="group">movies</property>
			<property name="isSubmenu">True</property>
		</item>
		<item id="1">
			<property name="id">$NUMBER[1]</property>
			<property name="mainmenuid">2</property>
			<label>Trending</label>
			<label2>Custom item</label2>
			<icon>DefaultShortcut.png</icon>
			<thumb />
			<property name="labelID">trending</property>
			<property name="defaultID" />
			<onclick>noop</onclick>
			<property name="path">noop</property>
			<property name="list">noop</property>
			<visible>[String.IsEqual(System.ProfileName,Master user)] + String.IsEqual(Container(9000).ListItem.Property(submenuVisibility),tvshows)</visible>
			<property name="group">tvshows</property>
			<property name="isSubmenu">True</property>
		</item>
		<item id="1">
			<property name="id">$NUMBER[1]</property>
			<property name="mainmenuid">3</property>
			<label>Trending</label>
			<label2>Custom item</label2>
			<icon>DefaultShortcut.png</icon>
			<thumb />
			<property name="labelID">trending</property>
			<property name="defaultID" />
			<onclick>noop</onclick>
			<property name="path">noop</property>
			<property name="list">noop</property>
			<visible>[String.IsEqual(System.ProfileName,Master user)] + String.IsEqual(Container(9000).ListItem.Property(submenuVisibility),documentary)</visible>
			<property name="group">documentary</property>
			<property name="isSubmenu">True</property>
		</item>
		<item id="1">
			<property name="id">$NUMBER[1]</property>
			<property name="mainmenuid">4</property>
			<label>Trending</label>
			<label2>Custom item</label2>
			<icon>DefaultShortcut.png</icon>
			<thumb />
			<property name="labelID">trending</property>
			<property name="defaultID" />
			<onclick>noop</onclick>
			<property name="path">noop</property>
			<property name="list">noop</property>
			<visible>[String.IsEqual(System.ProfileName,Master user)] + String.IsEqual(Container(9000).ListItem.Property(submenuVisibility),sports)</visible>
			<property name="group">sports</property>
			<property name="isSubmenu">True</property>
		</item>
		<item id="1">
			<property name="id">$NUMBER[1]</property>
			<property name="mainmenuid">5</property>
			<label>$LOCALIZE[22020]</label>
			<label2>$ADDON[script.skinshortcuts 32017]</label2>
			<icon>DefaultShortcut.png</icon>
			<thumb />
			<property name="labelID">22020</property>
			<property name="defaultID">22020</property>
			<visible>[System.HasPVRAddon] + String.IsEqual(Container(9000).ListItem.Property(submenuVisibility),livetv)</visible>
			<onclick>ActivateWindow(TVGuide)</onclick>
			<property name="path">ActivateWindow(TVGuide)</property>
			<property name="list">TVGuide</property>
			<visible>String.IsEqual(System.ProfileName,Master user)</visible>
			<property name="group">livetv</property>
			<property name="isSubmenu">True</property>
		</item>
		<item id="2">
			<property name="id">$NUMBER[2]</property>
			<property name="mainmenuid">5</property>
			<label>$LOCALIZE[19163]</label>
			<label2>$ADDON[script.skinshortcuts 32017]</label2>
			<icon>DefaultShortcut.png</icon>
			<thumb />
			<property name="labelID">19163</property>
			<property name="defaultID">19163</property>
			<visible>[System.HasPVRAddon] + String.IsEqual(Container(9000).ListItem.Property(submenuVisibility),livetv)</visible>
			<onclick>ActivateWindow(TVRecordings)</onclick>
			<property name="path">ActivateWindow(TVRecordings)</property>
			<property name="list">TVRecordings</property>
			<visible>String.IsEqual(System.ProfileName,Master user)</visible>
			<property name="group">livetv</property>
			<property name="isSubmenu">True</property>
		</item>
		<item id="3">
			<property name="id">$NUMBER[3]</property>
			<property name="mainmenuid">5</property>
			<label>$LOCALIZE[19040]</label>
			<label2>$ADDON[script.skinshortcuts 32017]</label2>
			<icon>DefaultShortcut.png</icon>
			<thumb />
			<property name="labelID">19040</property>
			<property name="defaultID">19040</property>
			<visible>[System.HasPVRAddon] + String.IsEqual(Container(9000).ListItem.Property(submenuVisibility),livetv)</visible>
			<onclick>ActivateWindow(TVTimers)</onclick>
			<property name="path">ActivateWindow(TVTimers)</property>
			<property name="list">TVTimers</property>
			<visible>String.IsEqual(System.ProfileName,Master user)</visible>
			<property name="group">livetv</property>
			<property name="isSubmenu">True</property>
		</item>
		<item id="4">
			<property name="id">$NUMBER[4]</property>
			<property name="mainmenuid">5</property>
			<label>$LOCALIZE[137]</label>
			<label2>$ADDON[script.skinshortcuts 32017]</label2>
			<icon>DefaultShortcut.png</icon>
			<thumb />
			<property name="labelID">137</property>
			<property name="defaultID">137</property>
			<visible>[System.HasPVRAddon] + String.IsEqual(Container(9000).ListItem.Property(submenuVisibility),livetv)</visible>
			<onclick>ActivateWindow(TVSearch)</onclick>
			<property name="path">ActivateWindow(TVSearch)</property>
			<property name="list">TVSearch</property>
			<visible>String.IsEqual(System.ProfileName,Master user)</visible>
			<property name="group">livetv</property>
			<property name="isSubmenu">True</property>
		</item>
		<item id="1">
			<property name="id">$NUMBER[1]</property>
			<property name="mainmenuid">6</property>
			<label>$LOCALIZE[15100]</label>
			<label2>Music</label2>
			<icon>DefaultShortcut.png</icon>
			<thumb />
			<property name="labelID">15100</property>
			<property name="defaultID">15100</property>
			<onclick>ActivateWindow(Music,MusicLibrary,return)</onclick>
			<property name="path">ActivateWindow(Music,MusicLibrary,return)</property>
			<property name="list">MusicLibrary</property>
			<visible>[String.IsEqual(System.ProfileName,Master user)] + String.IsEqual(Container(9000).ListItem.Property(submenuVisibility),music)</visible>
			<property name="group">music</property>
			<property name="isSubmenu">True</property>
		</item>
		<item id="1">
			<property name="id">$NUMBER[1]</property>
			<property name="mainmenuid">7</property>
			<label>$LOCALIZE[1037]</label>
			<label2>Videos</label2>
			<icon>DefaultShortcut.png</icon>
			<thumb />
			<property name="labelID">1037</property>
			<property name="defaultID">1037</property>
			<property name="translatedPath">ActivateWindow(Videos,Addons,return)</property>
			<onclick>ActivateWindow(Videos,Addons,return)</onclick>
			<property name="path">ActivateWindow(Videos,Addons,return)</property>
			<property name="list">Addons</property>
			<visible>[String.IsEqual(System.ProfileName,Master user)] + String.IsEqual(Container(9000).ListItem.Property(submenuVisibility),addons)</visible>
			<property name="group">addons</property>
			<property name="isSubmenu">True</property>
		</item>
		<item id="2">
			<property name="id">$NUMBER[2]</property>
			<property name="mainmenuid">7</property>
			<label>$LOCALIZE[10001]</label>
			<label2>Programs</label2>
			<icon>DefaultShortcut.png</icon>
			<thumb />
			<property name="labelID">programs</property>
			<property name="defaultID">programs</property>
			<property name="translatedPath">ActivateWindow(Programs,Addons,return)</property>
			<onclick>ActivateWindow(Programs,Addons,return)</onclick>
			<property name="path">ActivateWindow(Programs,Addons,return)</property>
			<property name="list">Addons</property>
			<visible>[String.IsEqual(System.ProfileName,Master user)] + String.IsEqual(Container(9000).ListItem.Property(submenuVisibility),addons)</visible>
			<property name="group">addons</property>
			<property name="isSubmenu">True</property>
		</item>
		<item id="3">
			<property name="id">$NUMBER[3]</property>
			<property name="mainmenuid">7</property>
			<label>File Editor</label>
			<label2>Program</label2>
			<icon>DefaultShortcut.png</icon>
			<thumb>image://%2fhome%2fnazarja%2f.var%2fapp%2ftv.kodi.Kodi%2fdata%2faddons%2fscript.file.editor%2fresources%2fimages%2ficon.png/</thumb>
			<property name="labelID">script.file.editor</property>
			<property name="defaultID">script.file.editor</property>
			<property name="translatedPath">RunAddOn(script.file.editor)</property>
			<onclick>RunAddOn(script.file.editor)</onclick>
			<property name="path">RunAddOn(script.file.editor)</property>
			<property name="list">RunAddOn(script.file.editor)</property>
			<visible>[String.IsEqual(System.ProfileName,Master user)] + String.IsEqual(Container(9000).ListItem.Property(submenuVisibility),addons)</visible>
			<property name="group">addons</property>
			<property name="isSubmenu">True</property>
		</item>
		<item id="1">
			<property name="id">$NUMBER[1]</property>
			<property name="mainmenuid">8</property>
			<label>$LOCALIZE[7]</label>
			<label2>Common menu item</label2>
			<icon>DefaultShortcut.png</icon>
			<thumb />
			<property name="labelID">7</property>
			<property name="defaultID">7</property>
			<onclick>ActivateWindow(FileManager)</onclick>
			<property name="path">ActivateWindow(FileManager)</property>
			<property name="list">FileManager</property>
			<visible>[String.IsEqual(System.ProfileName,Master user)] + String.IsEqual(Container(9000).ListItem.Property(submenuVisibility),system)</visible>
			<property name="group">system</property>
			<property name="isSubmenu">True</property>
		</item>
		<item id="2">
			<property name="id">$NUMBER[2]</property>
			<property name="mainmenuid">8</property>
			<label>$LOCALIZE[20077]</label>
			<label2>Settings</label2>
			<icon>DefaultShortcut.png</icon>
			<thumb />
			<property name="labelID">20077</property>
			<property name="defaultID">20077</property>
			<onclick>ActivateWindow(SkinSettings)</onclick>
			<property name="path">ActivateWindow(SkinSettings)</property>
			<property name="list">SkinSettings</property>
			<visible>[String.IsEqual(System.ProfileName,Master user)] + String.IsEqual(Container(9000).ListItem.Property(submenuVisibility),system)</visible>
			<property name="group">system</property>
			<property name="isSubmenu">True</property>
		</item>
		<item id="1">
			<property name="id">$NUMBER[1]</property>
			<property name="mainmenuid">9</property>
			<label>Search Movies</label>
			<label2>Custom item</label2>
			<icon>DefaultShortcut.png</icon>
			<thumb />
			<property name="labelID">searchmovies</property>
			<property name="defaultID" />
			<onclick>Dialog.Close(all)</onclick>
			<property name="path">Dialog.Close(all)</property>
			<property name="list">Dialog.Close(all)</property>
			<onclick>ActivateWindow(Videos,"plugin://plugin.video.exodusredux/?action=movieSearch",return)</onclick>
			<visible>[String.IsEqual(System.ProfileName,Master user)] + String.IsEqual(Container(9000).ListItem.Property(submenuVisibility),searchmenu)</visible>
			<property name="group">searchmenu</property>
			<property name="isSubmenu">True</property>
		</item>
		<item id="2">
			<property name="id">$NUMBER[2]</property>
			<property name="mainmenuid">9</property>
			<label>Search TV Shows</label>
			<label2>Video Add-On</label2>
			<icon>DefaultShortcut.png</icon>
			<thumb>image://%2fhome%2fnazarja%2f.var%2fapp%2ftv.kodi.Kodi%2fdata%2faddons%2fscript.exodusredux.artwork%2fresources%2fmedia%2fexodus%2fsearch.png/</thumb>
			<property name="labelID">searchtvshows</property>
			<property name="defaultID" />
			<property name="translatedPath">ActivateWindow(Videos,"plugin://plugin.video.exodusredux/?action=tvSearch",return)</property>
			<onclick>Dialog.Close(all)</onclick>
			<property name="path">Dialog.Close(all)</property>
			<property name="list">Dialog.Close(all)</property>
			<onclick>ActivateWindow(Videos,"plugin://plugin.video.exodusredux/?action=tvSearch",return)</onclick>
			<visible>[String.IsEqual(System.ProfileName,Master user)] + String.IsEqual(Container(9000).ListItem.Property(submenuVisibility),searchmenu)</visible>
			<property name="group">searchmenu</property>
			<property name="isSubmenu">True</property>
		</item>
		<item id="1">
			<property name="id">$NUMBER[1]</property>
			<property name="mainmenuid">10</property>
			<label>Exodus Redux</label>
			<label2>Video Add-On</label2>
			<icon>DefaultShortcut.png</icon>
			<thumb>image://%2fhome%2fnazarja%2f.var%2fapp%2ftv.kodi.Kodi%2fdata%2faddons%2fplugin.video.exodusredux%2ficon.png/</thumb>
			<property name="labelID">plugin.video.exodusredux</property>
			<property name="defaultID">plugin.video.exodusredux</property>
			<property name="translatedPath">ActivateWindow(Videos,"plugin://plugin.video.exodusredux",return)</property>
			<onclick>Dialog.Close(all)</onclick>
			<property name="path">Dialog.Close(all)</property>
			<property name="list">Dialog.Close(all)</property>
			<onclick>ActivateWindow(Videos,"plugin://plugin.video.exodusredux",return)</onclick>
			<visible>[String.IsEqual(System.ProfileName,Master user)] + String.IsEqual(Container(9000).ListItem.Property(submenuVisibility),addonsmenu)</visible>
			<property name="group">addonsmenu</property>
			<property name="isSubmenu">True</property>
		</item>
	</include>
	<include name="skinshortcuts-group-movies">
		<item id="1">
			<property name="id">$NUMBER[1]</property>
			<property name="mainmenuid">1</property>
			<label>Trending</label>
			<label2>Custom item</label2>
			<icon>DefaultShortcut.png</icon>
			<thumb />
			<property name="labelID">trending</property>
			<property name="defaultID" />
			<onclick>noop</onclick>
			<property name="path">noop</property>
			<property name="list">noop</property>
			<visible>String.IsEqual(System.ProfileName,Master user)</visible>
			<property name="group">movies</property>
			<property name="isSubmenu">True</property>
		</item>
		<item id="2">
			<property name="id">$NUMBER[2]</property>
			<property name="mainmenuid">1</property>
			<label>Library</label>
			<label2>Custom item</label2>
			<icon>DefaultShortcut.png</icon>
			<thumb />
			<property name="labelID">library</property>
			<property name="defaultID" />
			<onclick>ActivateWindow(Videos,sources://video/,return)</onclick>
			<property name="path">ActivateWindow(Videos,sources://video/,return)</property>
			<property name="list">sources://video/</property>
			<visible>String.IsEqual(System.ProfileName,Master user)</visible>
			<property name="group">movies</property>
			<property name="isSubmenu">True</property>
		</item>
	</include>
	<include name="skinshortcuts-group-alt-movies">
		<item id="1">
			<property name="id">$NUMBER[1]</property>
			<property name="mainmenuid">1</property>
			<label>Trending</label>
			<label2>Custom item</label2>
			<icon>DefaultShortcut.png</icon>
			<thumb />
			<property name="labelID">trending</property>
			<property name="defaultID" />
			<onclick>noop</onclick>
			<property name="path">noop</property>
			<property name="list">noop</property>
			<visible>[String.IsEqual(System.ProfileName,Master user)] + String.IsEqual(Window(10000).Property(submenuVisibility),movies)</visible>
			<property name="group">movies</property>
			<property name="isSubmenu">True</property>
		</item>
		<item id="2">
			<property name="id">$NUMBER[2]</property>
			<property name="mainmenuid">1</property>
			<label>Library</label>
			<label2>Custom item</label2>
			<icon>DefaultShortcut.png</icon>
			<thumb />
			<property name="labelID">library</property>
			<property name="defaultID" />
			<onclick>ActivateWindow(Videos,sources://video/,return)</onclick>
			<property name="path">ActivateWindow(Videos,sources://video/,return)</property>
			<property name="list">sources://video/</property>
			<visible>[String.IsEqual(System.ProfileName,Master user)] + String.IsEqual(Window(10000).Property(submenuVisibility),movies)</visible>
			<property name="group">movies</property>
			<property name="isSubmenu">True</property>
		</item>
	</include>
	<include name="skinshortcuts-group-tvshows">
		<item id="1">
			<property name="id">$NUMBER[1]</property>
			<property name="mainmenuid">2</property>
			<label>Trending</label>
			<label2>Custom item</label2>
			<icon>DefaultShortcut.png</icon>
			<thumb />
			<property name="labelID">trending</property>
			<property name="defaultID" />
			<onclick>noop</onclick>
			<property name="path">noop</property>
			<property name="list">noop</property>
			<visible>String.IsEqual(System.ProfileName,Master user)</visible>
			<property name="group">tvshows</property>
			<property name="isSubmenu">True</property>
		</item>
	</include>
	<include name="skinshortcuts-group-alt-tvshows">
		<item id="1">
			<property name="id">$NUMBER[1]</property>
			<property name="mainmenuid">2</property>
			<label>Trending</label>
			<label2>Custom item</label2>
			<icon>DefaultShortcut.png</icon>
			<thumb />
			<property name="labelID">trending</property>
			<property name="defaultID" />
			<onclick>noop</onclick>
			<property name="path">noop</property>
			<property name="list">noop</property>
			<visible>[String.IsEqual(System.ProfileName,Master user)] + String.IsEqual(Window(10000).Property(submenuVisibility),tvshows)</visible>
			<property name="group">tvshows</property>
			<property name="isSubmenu">True</property>
		</item>
	</include>
	<include name="skinshortcuts-group-documentary">
		<item id="1">
			<property name="id">$NUMBER[1]</property>
			<property name="mainmenuid">3</property>
			<label>Trending</label>
			<label2>Custom item</label2>
			<icon>DefaultShortcut.png</icon>
			<thumb />
			<property name="labelID">trending</property>
			<property name="defaultID" />
			<onclick>noop</onclick>
			<property name="path">noop</property>
			<property name="list">noop</property>
			<visible>String.IsEqual(System.ProfileName,Master user)</visible>
			<property name="group">documentary</property>
			<property name="isSubmenu">True</property>
		</item>
	</include>
	<include name="skinshortcuts-group-alt-documentary">
		<item id="1">
			<property name="id">$NUMBER[1]</property>
			<property name="mainmenuid">3</property>
			<label>Trending</label>
			<label2>Custom item</label2>
			<icon>DefaultShortcut.png</icon>
			<thumb />
			<property name="labelID">trending</property>
			<property name="defaultID" />
			<onclick>noop</onclick>
			<property name="path">noop</property>
			<property name="list">noop</property>
			<visible>[String.IsEqual(System.ProfileName,Master user)] + String.IsEqual(Window(10000).Property(submenuVisibility),documentary)</visible>
			<property name="group">documentary</property>
			<property name="isSubmenu">True</property>
		</item>
	</include>
	<include name="skinshortcuts-group-sports">
		<item id="1">
			<property name="id">$NUMBER[1]</property>
			<property name="mainmenuid">4</property>
			<label>Trending</label>
			<label2>Custom item</label2>
			<icon>DefaultShortcut.png</icon>
			<thumb />
			<property name="labelID">trending</property>
			<property name="defaultID" />
			<onclick>noop</onclick>
			<property name="path">noop</property>
			<property name="list">noop</property>
			<visible>String.IsEqual(System.ProfileName,Master user)</visible>
			<property name="group">sports</property>
			<property name="isSubmenu">True</property>
		</item>
	</include>
	<include name="skinshortcuts-group-alt-sports">
		<item id="1">
			<property name="id">$NUMBER[1]</property>
			<property name="mainmenuid">4</property>
			<label>Trending</label>
			<label2>Custom item</label2>
			<icon>DefaultShortcut.png</icon>
			<thumb />
			<property name="labelID">trending</property>
			<property name="defaultID" />
			<onclick>noop</onclick>
			<property name="path">noop</property>
			<property name="list">noop</property>
			<visible>[String.IsEqual(System.ProfileName,Master user)] + String.IsEqual(Window(10000).Property(submenuVisibility),sports)</visible>
			<property name="group">sports</property>
			<property name="isSubmenu">True</property>
		</item>
	</include>
	<include name="skinshortcuts-group-livetv">
		<item id="1">
			<property name="id">$NUMBER[1]</property>
			<property name="mainmenuid">5</property>
			<label>$LOCALIZE[22020]</label>
			<label2>$ADDON[script.skinshortcuts 32017]</label2>
			<icon>DefaultShortcut.png</icon>
			<thumb />
			<property name="labelID">22020</property>
			<property name="defaultID">22020</property>
			<visible>System.HasPVRAddon</visible>
			<onclick>ActivateWindow(TVGuide)</onclick>
			<property name="path">ActivateWindow(TVGuide)</property>
			<property name="list">TVGuide</property>
			<visible>String.IsEqual(System.ProfileName,Master user)</visible>
			<property name="group">livetv</property>
			<property name="isSubmenu">True</property>
		</item>
		<item id="2">
			<property name="id">$NUMBER[2]</property>
			<property name="mainmenuid">5</property>
			<label>$LOCALIZE[19163]</label>
			<label2>$ADDON[script.skinshortcuts 32017]</label2>
			<icon>DefaultShortcut.png</icon>
			<thumb />
			<property name="labelID">19163</property>
			<property name="defaultID">19163</property>
			<visible>System.HasPVRAddon</visible>
			<onclick>ActivateWindow(TVRecordings)</onclick>
			<property name="path">ActivateWindow(TVRecordings)</property>
			<property name="list">TVRecordings</property>
			<visible>String.IsEqual(System.ProfileName,Master user)</visible>
			<property name="group">livetv</property>
			<property name="isSubmenu">True</property>
		</item>
		<item id="3">
			<property name="id">$NUMBER[3]</property>
			<property name="mainmenuid">5</property>
			<label>$LOCALIZE[19040]</label>
			<label2>$ADDON[script.skinshortcuts 32017]</label2>
			<icon>DefaultShortcut.png</icon>
			<thumb />
			<property name="labelID">19040</property>
			<property name="defaultID">19040</property>
			<visible>System.HasPVRAddon</visible>
			<onclick>ActivateWindow(TVTimers)</onclick>
			<property name="path">ActivateWindow(TVTimers)</property>
			<property name="list">TVTimers</property>
			<visible>String.IsEqual(System.ProfileName,Master user)</visible>
			<property name="group">livetv</property>
			<property name="isSubmenu">True</property>
		</item>
		<item id="4">
			<property name="id">$NUMBER[4]</property>
			<property name="mainmenuid">5</property>
			<label>$LOCALIZE[137]</label>
			<label2>$ADDON[script.skinshortcuts 32017]</label2>
			<icon>DefaultShortcut.png</icon>
			<thumb />
			<property name="labelID">137</property>
			<property name="defaultID">137</property>
			<visible>System.HasPVRAddon</visible>
			<onclick>ActivateWindow(TVSearch)</onclick>
			<property name="path">ActivateWindow(TVSearch)</property>
			<property name="list">TVSearch</property>
			<visible>String.IsEqual(System.ProfileName,Master user)</visible>
			<property name="group">livetv</property>
			<property name="isSubmenu">True</property>
		</item>
	</include>
	<include name="skinshortcuts-group-alt-livetv">
		<item id="1">
			<property name="id">$NUMBER[1]</property>
			<property name="mainmenuid">5</property>
			<label>$LOCALIZE[22020]</label>
			<label2>$ADDON[script.skinshortcuts 32017]</label2>
			<icon>DefaultShortcut.png</icon>
			<thumb />
			<property name="labelID">22020</property>
			<property name="defaultID">22020</property>
			<visible>[System.HasPVRAddon] + String.IsEqual(Window(10000).Property(submenuVisibility),livetv)</visible>
			<onclick>ActivateWindow(TVGuide)</onclick>
			<property name="path">ActivateWindow(TVGuide)</property>
			<property name="list">TVGuide</property>
			<visible>String.IsEqual(System.ProfileName,Master user)</visible>
			<property name="group">livetv</property>
			<property name="isSubmenu">True</property>
		</item>
		<item id="2">
			<property name="id">$NUMBER[2]</property>
			<property name="mainmenuid">5</property>
			<label>$LOCALIZE[19163]</label>
			<label2>$ADDON[script.skinshortcuts 32017]</label2>
			<icon>DefaultShortcut.png</icon>
			<thumb />
			<property name="labelID">19163</property>
			<property name="defaultID">19163</property>
			<visible>[System.HasPVRAddon] + String.IsEqual(Window(10000).Property(submenuVisibility),livetv)</visible>
			<onclick>ActivateWindow(TVRecordings)</onclick>
			<property name="path">ActivateWindow(TVRecordings)</property>
			<property name="list">TVRecordings</property>
			<visible>String.IsEqual(System.ProfileName,Master user)</visible>
			<property name="group">livetv</property>
			<property name="isSubmenu">True</property>
		</item>
		<item id="3">
			<property name="id">$NUMBER[3]</property>
			<property name="mainmenuid">5</property>
			<label>$LOCALIZE[19040]</label>
			<label2>$ADDON[script.skinshortcuts 32017]</label2>
			<icon>DefaultShortcut.png</icon>
			<thumb />
			<property name="labelID">19040</property>
			<property name="defaultID">19040</property>
			<visible>[System.HasPVRAddon] + String.IsEqual(Window(10000).Property(submenuVisibility),livetv)</visible>
			<onclick>ActivateWindow(TVTimers)</onclick>
			<property name="path">ActivateWindow(TVTimers)</property>
			<property name="list">TVTimers</property>
			<visible>String.IsEqual(System.ProfileName,Master user)</visible>
			<property name="group">livetv</property>
			<property name="isSubmenu">True</property>
		</item>
		<item id="4">
			<property name="id">$NUMBER[4]</property>
			<property name="mainmenuid">5</property>
			<label>$LOCALIZE[137]</label>
			<label2>$ADDON[script.skinshortcuts 32017]</label2>
			<icon>DefaultShortcut.png</icon>
			<thumb />
			<property name="labelID">137</property>
			<property name="defaultID">137</property>
			<visible>[System.HasPVRAddon] + String.IsEqual(Window(10000).Property(submenuVisibility),livetv)</visible>
			<onclick>ActivateWindow(TVSearch)</onclick>
			<property name="path">ActivateWindow(TVSearch)</property>
			<property name="list">TVSearch</property>
			<visible>String.IsEqual(System.ProfileName,Master user)</visible>
			<property name="group">livetv</property>
			<property name="isSubmenu">True</property>
		</item>
	</include>
	<include name="skinshortcuts-group-music">
		<item id="1">
			<property name="id">$NUMBER[1]</property>
			<property name="mainmenuid">6</property>
			<label>$LOCALIZE[15100]</label>
			<label2>Music</label2>
			<icon>DefaultShortcut.png</icon>
			<thumb />
			<property name="labelID">15100</property>
			<property name="defaultID">15100</property>
			<onclick>ActivateWindow(Music,MusicLibrary,return)</onclick>
			<property name="path">ActivateWindow(Music,MusicLibrary,return)</property>
			<property name="list">MusicLibrary</property>
			<visible>String.IsEqual(System.ProfileName,Master user)</visible>
			<property name="group">music</property>
			<property name="isSubmenu">True</property>
		</item>
	</include>
	<include name="skinshortcuts-group-alt-music">
		<item id="1">
			<property name="id">$NUMBER[1]</property>
			<property name="mainmenuid">6</property>
			<label>$LOCALIZE[15100]</label>
			<label2>Music</label2>
			<icon>DefaultShortcut.png</icon>
			<thumb />
			<property name="labelID">15100</property>
			<property name="defaultID">15100</property>
			<onclick>ActivateWindow(Music,MusicLibrary,return)</onclick>
			<property name="path">ActivateWindow(Music,MusicLibrary,return)</property>
			<property name="list">MusicLibrary</property>
			<visible>[String.IsEqual(System.ProfileName,Master user)] + String.IsEqual(Window(10000).Property(submenuVisibility),music)</visible>
			<property name="group">music</property>
			<property name="isSubmenu">True</property>
		</item>
	</include>
	<include name="skinshortcuts-group-addons">
		<item id="1">
			<property name="id">$NUMBER[1]</property>
			<property name="mainmenuid">7</property>
			<label>$LOCALIZE[1037]</label>
			<label2>Videos</label2>
			<icon>DefaultShortcut.png</icon>
			<thumb />
			<property name="labelID">1037</property>
			<property name="defaultID">1037</property>
			<property name="translatedPath">ActivateWindow(Videos,Addons,return)</property>
			<onclick>ActivateWindow(Videos,Addons,return)</onclick>
			<property name="path">ActivateWindow(Videos,Addons,return)</property>
			<property name="list">Addons</property>
			<visible>String.IsEqual(System.ProfileName,Master user)</visible>
			<property name="group">addons</property>
			<property name="isSubmenu">True</property>
		</item>
		<item id="2">
			<property name="id">$NUMBER[2]</property>
			<property name="mainmenuid">7</property>
			<label>$LOCALIZE[10001]</label>
			<label2>Programs</label2>
			<icon>DefaultShortcut.png</icon>
			<thumb />
			<property name="labelID">programs</property>
			<property name="defaultID">programs</property>
			<property name="translatedPath">ActivateWindow(Programs,Addons,return)</property>
			<onclick>ActivateWindow(Programs,Addons,return)</onclick>
			<property name="path">ActivateWindow(Programs,Addons,return)</property>
			<property name="list">Addons</property>
			<visible>String.IsEqual(System.ProfileName,Master user)</visible>
			<property name="group">addons</property>
			<property name="isSubmenu">True</property>
		</item>
		<item id="3">
			<property name="id">$NUMBER[3]</property>
			<property name="mainmenuid">7</property>
			<label>File Editor</label>
			<label2>Program</label2>
			<icon>DefaultShortcut.png</icon>
			<thumb>image://%2fhome%2fnazarja%2f.var%2fapp%2ftv.kodi.Kodi%2fdata%2faddons%2fscript.file.editor%2fresources%2fimages%2ficon.png/</thumb>
			<property name="labelID">script.file.editor</property>
			<property name="defaultID">script.file.editor</property>
			<property name="translatedPath">RunAddOn(script.file.editor)</property>
			<onclick>RunAddOn(script.file.editor)</onclick>
			<property name="path">RunAddOn(script.file.editor)</property>
			<property name="list">RunAddOn(script.file.editor)</property>
			<visible>String.IsEqual(System.ProfileName,Master user)</visible>
			<property name="group">addons</property>
			<property name="isSubmenu">True</property>
		</item>
	</include>
	<include name="skinshortcuts-group-alt-addons">
		<item id="1">
			<property name="id">$NUMBER[1]</property>
			<property name="mainmenuid">7</property>
			<label>$LOCALIZE[1037]</label>
			<label2>Videos</label2>
			<icon>DefaultShortcut.png</icon>
			<thumb />
			<property name="labelID">1037</property>
			<property name="defaultID">1037</property>
			<property name="translatedPath">ActivateWindow(Videos,Addons,return)</property>
			<onclick>ActivateWindow(Videos,Addons,return)</onclick>
			<property name="path">ActivateWindow(Videos,Addons,return)</property>
			<property name="list">Addons</property>
			<visible>[String.IsEqual(System.ProfileName,Master user)] + String.IsEqual(Window(10000).Property(submenuVisibility),addons)</visible>
			<property name="group">addons</property>
			<property name="isSubmenu">True</property>
		</item>
		<item id="2">
			<property name="id">$NUMBER[2]</property>
			<property name="mainmenuid">7</property>
			<label>$LOCALIZE[10001]</label>
			<label2>Programs</label2>
			<icon>DefaultShortcut.png</icon>
			<thumb />
			<property name="labelID">programs</property>
			<property name="defaultID">programs</property>
			<property name="translatedPath">ActivateWindow(Programs,Addons,return)</property>
			<onclick>ActivateWindow(Programs,Addons,return)</onclick>
			<property name="path">ActivateWindow(Programs,Addons,return)</property>
			<property name="list">Addons</property>
			<visible>[String.IsEqual(System.ProfileName,Master user)] + String.IsEqual(Window(10000).Property(submenuVisibility),addons)</visible>
			<property name="group">addons</property>
			<property name="isSubmenu">True</property>
		</item>
		<item id="3">
			<property name="id">$NUMBER[3]</property>
			<property name="mainmenuid">7</property>
			<label>File Editor</label>
			<label2>Program</label2>
			<icon>DefaultShortcut.png</icon>
			<thumb>image://%2fhome%2fnazarja%2f.var%2fapp%2ftv.kodi.Kodi%2fdata%2faddons%2fscript.file.editor%2fresources%2fimages%2ficon.png/</thumb>
			<property name="labelID">script.file.editor</property>
			<property name="defaultID">script.file.editor</property>
			<property name="translatedPath">RunAddOn(script.file.editor)</property>
			<onclick>RunAddOn(script.file.editor)</onclick>
			<property name="path">RunAddOn(script.file.editor)</property>
			<property name="list">RunAddOn(script.file.editor)</property>
			<visible>[String.IsEqual(System.ProfileName,Master user)] + String.IsEqual(Window(10000).Property(submenuVisibility),addons)</visible>
			<property name="group">addons</property>
			<property name="isSubmenu">True</property>
		</item>
	</include>
	<include name="skinshortcuts-group-system">
		<item id="1">
			<property name="id">$NUMBER[1]</property>
			<property name="mainmenuid">8</property>
			<label>$LOCALIZE[7]</label>
			<label2>Common menu item</label2>
			<icon>DefaultShortcut.png</icon>
			<thumb />
			<property name="labelID">7</property>
			<property name="defaultID">7</property>
			<onclick>ActivateWindow(FileManager)</onclick>
			<property name="path">ActivateWindow(FileManager)</property>
			<property name="list">FileManager</property>
			<visible>String.IsEqual(System.ProfileName,Master user)</visible>
			<property name="group">system</property>
			<property name="isSubmenu">True</property>
		</item>
		<item id="2">
			<property name="id">$NUMBER[2]</property>
			<property name="mainmenuid">8</property>
			<label>$LOCALIZE[20077]</label>
			<label2>Settings</label2>
			<icon>DefaultShortcut.png</icon>
			<thumb />
			<property name="labelID">20077</property>
			<property name="defaultID">20077</property>
			<onclick>ActivateWindow(SkinSettings)</onclick>
			<property name="path">ActivateWindow(SkinSettings)</property>
			<property name="list">SkinSettings</property>
			<visible>String.IsEqual(System.ProfileName,Master user)</visible>
			<property name="group">system</property>
			<property name="isSubmenu">True</property>
		</item>
	</include>
	<include name="skinshortcuts-group-alt-system">
		<item id="1">
			<property name="id">$NUMBER[1]</property>
			<property name="mainmenuid">8</property>
			<label>$LOCALIZE[7]</label>
			<label2>Common menu item</label2>
			<icon>DefaultShortcut.png</icon>
			<thumb />
			<property name="labelID">7</property>
			<property name="defaultID">7</property>
			<onclick>ActivateWindow(FileManager)</onclick>
			<property name="path">ActivateWindow(FileManager)</property>
			<property name="list">FileManager</property>
			<visible>[String.IsEqual(System.ProfileName,Master user)] + String.IsEqual(Window(10000).Property(submenuVisibility),system)</visible>
			<property name="group">system</property>
			<property name="isSubmenu">True</property>
		</item>
		<item id="2">
			<property name="id">$NUMBER[2]</property>
			<property name="mainmenuid">8</property>
			<label>$LOCALIZE[20077]</label>
			<label2>Settings</label2>
			<icon>DefaultShortcut.png</icon>
			<thumb />
			<property name="labelID">20077</property>
			<property name="defaultID">20077</property>
			<onclick>ActivateWindow(SkinSettings)</onclick>
			<property name="path">ActivateWindow(SkinSettings)</property>
			<property name="list">SkinSettings</property>
			<visible>[String.IsEqual(System.ProfileName,Master user)] + String.IsEqual(Window(10000).Property(submenuVisibility),system)</visible>
			<property name="group">system</property>
			<property name="isSubmenu">True</property>
		</item>
	</include>
	<include name="skinshortcuts-group-searchmenu">
		<item id="1">
			<property name="id">$NUMBER[1]</property>
			<property name="mainmenuid">9</property>
			<label>Search Movies</label>
			<label2>Custom item</label2>
			<icon>DefaultShortcut.png</icon>
			<thumb />
			<property name="labelID">searchmovies</property>
			<property name="defaultID" />
			<onclick>Dialog.Close(all)</onclick>
			<property name="path">Dialog.Close(all)</property>
			<property name="list">Dialog.Close(all)</property>
			<onclick>ActivateWindow(Videos,"plugin://plugin.video.exodusredux/?action=movieSearch",return)</onclick>
			<visible>String.IsEqual(System.ProfileName,Master user)</visible>
			<property name="group">searchmenu</property>
			<property name="isSubmenu">True</property>
		</item>
		<item id="2">
			<property name="id">$NUMBER[2]</property>
			<property name="mainmenuid">9</property>
			<label>Search TV Shows</label>
			<label2>Video Add-On</label2>
			<icon>DefaultShortcut.png</icon>
			<thumb>image://%2fhome%2fnazarja%2f.var%2fapp%2ftv.kodi.Kodi%2fdata%2faddons%2fscript.exodusredux.artwork%2fresources%2fmedia%2fexodus%2fsearch.png/</thumb>
			<property name="labelID">searchtvshows</property>
			<property name="defaultID" />
			<property name="translatedPath">ActivateWindow(Videos,"plugin://plugin.video.exodusredux/?action=tvSearch",return)</property>
			<onclick>Dialog.Close(all)</onclick>
			<property name="path">Dialog.Close(all)</property>
			<property name="list">Dialog.Close(all)</property>
			<onclick>ActivateWindow(Videos,"plugin://plugin.video.exodusredux/?action=tvSearch",return)</onclick>
			<visible>String.IsEqual(System.ProfileName,Master user)</visible>
			<property name="group">searchmenu</property>
			<property name="isSubmenu">True</property>
		</item>
	</include>
	<include name="skinshortcuts-group-alt-searchmenu">
		<item id="1">
			<property name="id">$NUMBER[1]</property>
			<property name="mainmenuid">9</property>
			<label>Search Movies</label>
			<label2>Custom item</label2>
			<icon>DefaultShortcut.png</icon>
			<thumb />
			<property name="labelID">searchmovies</property>
			<property name="defaultID" />
			<onclick>Dialog.Close(all)</onclick>
			<property name="path">Dialog.Close(all)</property>
			<property name="list">Dialog.Close(all)</property>
			<onclick>ActivateWindow(Videos,"plugin://plugin.video.exodusredux/?action=movieSearch",return)</onclick>
			<visible>[String.IsEqual(System.ProfileName,Master user)] + String.IsEqual(Window(10000).Property(submenuVisibility),searchmenu)</visible>
			<property name="group">searchmenu</property>
			<property name="isSubmenu">True</property>
		</item>
		<item id="2">
			<property name="id">$NUMBER[2]</property>
			<property name="mainmenuid">9</property>
			<label>Search TV Shows</label>
			<label2>Video Add-On</label2>
			<icon>DefaultShortcut.png</icon>
			<thumb>image://%2fhome%2fnazarja%2f.var%2fapp%2ftv.kodi.Kodi%2fdata%2faddons%2fscript.exodusredux.artwork%2fresources%2fmedia%2fexodus%2fsearch.png/</thumb>
			<property name="labelID">searchtvshows</property>
			<property name="defaultID" />
			<property name="translatedPath">ActivateWindow(Videos,"plugin://plugin.video.exodusredux/?action=tvSearch",return)</property>
			<onclick>Dialog.Close(all)</onclick>
			<property name="path">Dialog.Close(all)</property>
			<property name="list">Dialog.Close(all)</property>
			<onclick>ActivateWindow(Videos,"plugin://plugin.video.exodusredux/?action=tvSearch",return)</onclick>
			<visible>[String.IsEqual(System.ProfileName,Master user)] + String.IsEqual(Window(10000).Property(submenuVisibility),searchmenu)</visible>
			<property name="group">searchmenu</property>
			<property name="isSubmenu">True</property>
		</item>
	</include>
	<include name="skinshortcuts-group-addonsmenu">
		<item id="1">
			<property name="id">$NUMBER[1]</property>
			<property name="mainmenuid">10</property>
			<label>Exodus Redux</label>
			<label2>Video Add-On</label2>
			<icon>DefaultShortcut.png</icon>
			<thumb>image://%2fhome%2fnazarja%2f.var%2fapp%2ftv.kodi.Kodi%2fdata%2faddons%2fplugin.video.exodusredux%2ficon.png/</thumb>
			<property name="labelID">plugin.video.exodusredux</property>
			<property name="defaultID">plugin.video.exodusredux</property>
			<property name="translatedPath">ActivateWindow(Videos,"plugin://plugin.video.exodusredux",return)</property>
			<onclick>Dialog.Close(all)</onclick>
			<property name="path">Dialog.Close(all)</property>
			<property name="list">Dialog.Close(all)</property>
			<onclick>ActivateWindow(Videos,"plugin://plugin.video.exodusredux",return)</onclick>
			<visible>String.IsEqual(System.ProfileName,Master user)</visible>
			<property name="group">addonsmenu</property>
			<property name="isSubmenu">True</property>
		</item>
	</include>
	<include name="skinshortcuts-group-alt-addonsmenu">
		<item id="1">
			<property name="id">$NUMBER[1]</property>
			<property name="mainmenuid">10</property>
			<label>Exodus Redux</label>
			<label2>Video Add-On</label2>
			<icon>DefaultShortcut.png</icon>
			<thumb>image://%2fhome%2fnazarja%2f.var%2fapp%2ftv.kodi.Kodi%2fdata%2faddons%2fplugin.video.exodusredux%2ficon.png/</thumb>
			<property name="labelID">plugin.video.exodusredux</property>
			<property name="defaultID">plugin.video.exodusredux</property>
			<property name="translatedPath">ActivateWindow(Videos,"plugin://plugin.video.exodusredux",return)</property>
			<onclick>Dialog.Close(all)</onclick>
			<property name="path">Dialog.Close(all)</property>
			<property name="list">Dialog.Close(all)</property>
			<onclick>ActivateWindow(Videos,"plugin://plugin.video.exodusredux",return)</onclick>
			<visible>[String.IsEqual(System.ProfileName,Master user)] + String.IsEqual(Window(10000).Property(submenuVisibility),addonsmenu)</visible>
			<property name="group">addonsmenu</property>
			<property name="isSubmenu">True</property>
		</item>
	</include>
</includes>
