<?xml version="1.0" encoding="UTF-8"?>
<window>
	<onunload>RunScript(script.skinshortcuts,type=buildxml&amp;mainmenuID=9000&amp;group=mainmenu|searchmenu|addonsmenu)</onunload>
	<defaultcontrol>9000</defaultcontrol>
	<backgroundcolor>background</backgroundcolor>
	<onload condition="String.IsEmpty(Skin.String(background_overlay))">Skin.SetString(background_overlay,1)</onload>
	<controls>
		<include>DefaultBackground</include>
		<control type="multiimage">
			<depth>DepthBackground</depth>
			<include>FullScreenDimensions</include>
			<aspectratio>scale</aspectratio>
			<fadetime>600</fadetime>
			<animation effect="zoom" center="auto" end="102,102" time="0" condition="Integer.IsGreater(System.StereoscopicMode,0)">conditional</animation>
			<animation effect="fade" start="0" end="100" time="400">WindowOpen</animation>
			<animation effect="fade" start="100" end="0" time="300">WindowClose</animation>
			<animation effect="fade" time="400">VisibleChange</animation>
			<imagepath background="true" colordiffuse="bg_overlay">$INFO[Skin.String(HomeFanart.path)]settings$INFO[Skin.String(HomeFanart.ext)]</imagepath>
			<visible>!Player.HasMedia + !String.IsEmpty(Skin.String(HomeFanart.path))</visible>
		</control>
		<!-- Custom - Options -->
		<control type="group" id="10000">
			<left>470</left>
			<include>OpenClose_Right</include>
			
			<!-- General -->
			<control type="grouplist" id="700">
				<top>160</top>
				<left>0</left>
				<right>0</right>
				<bottom>140</bottom>
				<onleft>9000</onleft>
				<onright>60</onright>
				<onup>700</onup>
				<ondown>700</ondown>
				<visible>Container(9000).HasFocus(1)</visible>
				<control type="radiobutton" id="701">
					<label>$LOCALIZE[31095]</label>
					<include>DefaultSettingButton</include>
					<selected>!Skin.HasSetting(no_slide_animations)</selected>
					<onclick>Skin.ToggleSetting(no_slide_animations)</onclick>
				</control>
				<control type="radiobutton" id="702">
					<label>$LOCALIZE[20189]</label>
					<include>DefaultSettingButton</include>
					<onclick>Skin.ToggleSetting(autoscroll)</onclick>
					<selected>Skin.HasSetting(autoscroll)</selected>
				</control>
				<control type="radiobutton" id="703">
					<label>$LOCALIZE[31158]</label>
					<include>DefaultSettingButton</include>
					<onclick>Skin.ToggleSetting(touchmode)</onclick>
					<selected>Skin.HasSetting(touchmode)</selected>
				</control>
				<control type="radiobutton" id="704">
					<label>$LOCALIZE[31093]</label>
					<include>DefaultSettingButton</include>
					<onclick condition="!String.IsEmpty(Weather.Plugin)">Skin.ToggleSetting(show_weatherinfo)</onclick>
					<onclick condition="String.IsEmpty(Weather.Plugin)">ActivateWindow(servicesettings,weather)</onclick>
					<selected>Skin.HasSetting(show_weatherinfo) + !String.IsEmpty(Weather.Plugin)</selected>
				</control>
				<control type="radiobutton" id="705">
					<label>$LOCALIZE[31160]</label>
					<include>DefaultSettingButton</include>
					<onclick>Skin.ToggleSetting(hide_mediaflags)</onclick>
					<selected>!Skin.HasSetting(hide_mediaflags)</selected>
				</control>
				<control type="button" id="706">
					<label>$LOCALIZE[31024]</label>
					<include>DefaultSettingButton</include>
					<onclick>Skin.SelectBool(31024, 38018|circle_userrating, 563|circle_rating, 16018|circle_none)</onclick>
					<label2>$VAR[RatingSettingLabel2Var]</label2>
				</control>
				<control type="button" id="707">
					<label>$LOCALIZE[31164]</label>
					<include>DefaultSettingButton</include>
					<onclick>Skin.SelectBool(31164, 31165|show_profilename, 31166|show_profileavatar, 16018|show_none)</onclick>
					<label2>$VAR[ProfileIdentificationLabel2Var]</label2>
				</control>
				<control type="radiobutton" id="708">
					<label>Show Labels On Posters</label>
					<include>DefaultSettingButton</include>
					<onclick>Skin.ToggleSetting(ShowLabelsOnPosters)</onclick>
					<selected>Skin.HasSetting(ShowLabelsOnPosters)</selected>
				</control>
				<control type="button" id="13063">
					<include>DefaultSettingButton</include>
					<label>AutoClose OSD Time</label>
					<label2>$INFO[skin.string(SkinHelper.AutoCloseVideoOSD)] $LOCALIZE[31231]</label2>		
					<onclick>Skin.SetNumeric(SkinHelper.AutoCloseVideoOSD)</onclick>
				</control>
			</control>
			
			<!-- Artwork -->
			<control type="grouplist" id="600">
				<top>160</top>
				<left>0</left>
				<right>0</right>
				<bottom>140</bottom>
				<onleft>9000</onleft>
				<onright>60</onright>
				<onup>600</onup>
				<ondown>600</ondown>
				<visible>Container(9000).HasFocus(2)</visible>
				<control type="radiobutton" id="605">
					<label>$LOCALIZE[31002]</label>
					<include>DefaultSettingButton</include>
					<onclick>Skin.ToggleSetting(no_fanart)</onclick>
					<selected>!Skin.HasSetting(no_fanart)</selected>
				</control>
				<control type="button" id="607">
					<label>$LOCALIZE[31156]</label>
					<label2>$VAR[BackgroundOverlayTypeVar]</label2>
					<include>DefaultSettingButton</include>
					<onclick condition="String.IsEqual(Skin.String(background_overlay),7)">Skin.SetString(background_overlay,0)</onclick>
					<onclick condition="String.IsEqual(Skin.String(background_overlay),6)">Skin.SetString(background_overlay,7)</onclick>
					<onclick condition="String.IsEqual(Skin.String(background_overlay),5)">Skin.SetString(background_overlay,6)</onclick>
					<onclick condition="String.IsEqual(Skin.String(background_overlay),4)">Skin.SetString(background_overlay,5)</onclick>
					<onclick condition="String.IsEqual(Skin.String(background_overlay),3)">Skin.SetString(background_overlay,4)</onclick>
					<onclick condition="String.IsEqual(Skin.String(background_overlay),2)">Skin.SetString(background_overlay,3)</onclick>
					<onclick condition="String.IsEqual(Skin.String(background_overlay),1)">Skin.SetString(background_overlay,2)</onclick>
					<onclick condition="String.IsEqual(Skin.String(background_overlay),0)">Skin.SetString(background_overlay,1)</onclick>
				</control>
				<control type="button" id="608">
					<label>$LOCALIZE[31131]</label>
					<label2>$INFO[Skin.String(HomeFanart.name)]</label2>
					<include>DefaultSettingButton</include>
					<onclick condition="System.HasAddon(script.image.resource.select)">RunScript(script.image.resource.select,property=HomeFanart&amp;type=resource.images.skinbackgrounds)</onclick>
					<onclick condition="!System.HasAddon(script.image.resource.select)">InstallAddon(script.image.resource.select)</onclick>
					<enable>!Skin.HasSetting(no_fanart)</enable>
				</control>
				<control type="button" id="609">
					<label>$LOCALIZE[31062]</label>
					<label2>$INFO[Skin.String(WeatherFanart.name)]</label2>
					<include>DefaultSettingButton</include>
					<onclick condition="System.HasAddon(script.image.resource.select)">RunScript(script.image.resource.select,property=WeatherFanart&amp;type=resource.images.weatherfanart)</onclick>
					<onclick condition="!System.HasAddon(script.image.resource.select)">InstallAddon(script.image.resource.select)</onclick>
					<enable>!Skin.HasSetting(no_fanart)</enable>
				</control>
				<control type="button" id="6066">
					<label>$LOCALIZE[31149]</label>
					<label2>$INFO[Skin.String(MovieGenreFanart.Name)]</label2>
					<include>DefaultSettingButton</include>
					<onclick condition="!System.HasAddon(script.image.resource.select)">InstallAddon(script.image.resource.select)</onclick>
					<onclick condition="System.HasAddon(script.image.resource.select)">RunScript(script.image.resource.select,property=MovieGenreFanart&amp;type=resource.images.moviegenrefanart)</onclick>
				</control>
			</control>
	
			<!-- Menu Items -->
			<control type="grouplist" id="800">
				<top>160</top>
				<left>0</left>
				<right>0</right>
				<bottom>140</bottom>
				<onleft>9000</onleft>
				<onright>60</onright>
				<onup>700</onup>
				<ondown>700</ondown>
				<visible>Container(9000).HasFocus(3)</visible>
				<control type="button" id="801">
					<label>Main Menu Shortcuts Editor</label>
					<include>DefaultSettingButton</include>
					<onclick>RunScript(script.skinshortcuts,type=manage&amp;group=mainmenu)</onclick>
				</control>
				<control type="button" id="802">
					<label>Search Shortcuts Editor</label>
					<include>DefaultSettingButton</include>
					<onclick>RunScript(script.skinshortcuts,type=manage&amp;group=searchmenu)</onclick>
				</control>
				<control type="button" id="803">
					<label>Addons Shortcuts Editor</label>
					<include>DefaultSettingButton</include>
					<onclick>RunScript(script.skinshortcuts,type=manage&amp;group=addonsmenu)</onclick>
				</control>
				<control type="label" id="80010">
					<label>=======================</label>
					<include>DefaultSettingButton</include>
				</control>
				<control type="button" id="804">
					<label>Main Menu Focused Color</label>
					<label2>$VAR[MainMenuFocusedColor]</label2>
					<include>DefaultSettingButton</include>
					<onclick>RunScript(script.skin.helper.colorpicker,skinstring=main_menu_focused_color)</onclick>
				</control>
				<control type="button" id="805">
					<label>Main Menu Unfocused Color</label>
					<label2>$VAR[MainMenuUnfocusedColor]</label2>
					<include>DefaultSettingButton</include>
					<onclick>RunScript(script.skin.helper.colorpicker,skinstring=main_menu_unfocused_color)</onclick>
				</control>
				<control type="button" id="806">
					<label>Main Menu Semi Focused Color</label>
					<label2>$VAR[MainMenuSemiFocusedColor]</label2>
					<include>DefaultSettingButton</include>
					<onclick>RunScript(script.skin.helper.colorpicker,skinstring=main_menu_semi_focused_color)</onclick>
				</control>
				<control type="button" id="807">
					<label>Sub Menu Focused Color</label>
					<label2>$VAR[SubMenuFocusedColor]</label2>
					<include>DefaultSettingButton</include>
					<onclick>RunScript(script.skin.helper.colorpicker,skinstring=sub_menu_focused_color)</onclick>
				</control>
				<control type="button" id="808">
					<label>Sub Menu Unfocused Color</label>
					<label2>$VAR[SubMenuUnfocusedColor]</label2>
					<include>DefaultSettingButton</include>
					<onclick>RunScript(script.skin.helper.colorpicker,skinstring=sub_menu_unfocused_color)</onclick>
				</control>
				<control type="label" id="80011">
					<label>=======================</label>
					<include>DefaultSettingButton</include>
				</control>
				<control type="button" id="8888">
					<label>-- Reset All Menu Colors</label>
					<include>DefaultSettingButton</include>
					<onclick>Skin.Reset(main_menu_focused_color)</onclick>
					<onclick>Skin.Reset(main_menu_unfocused_color)</onclick>
					<onclick>Skin.Reset(main_menu_semifocused_color)</onclick>
					<onclick>Skin.Reset(sub_menu_focused_color)</onclick>
					<onclick>Skin.Reset(sub_menu_unfocused_color)</onclick>
				</control>
				<control type="button" id="88889">
					<label>-- Reset All Skin Shortcuts Items</label>
					<include>DefaultSettingButton</include>
					<onclick>RunScript(script.skinshortcuts,type=resetall)</onclick>
				</control>
			</control>
			
			<!-- Colors -->
			<control type="grouplist" id="900">
				<top>160</top>
				<left>0</left>
				<right>0</right>
				<bottom>140</bottom>
				<onleft>9000</onleft>
				<onright>60</onright>
				<onup>700</onup>
				<ondown>700</ondown>
				<visible>Container(9000).HasFocus(4)</visible>
				<control type="button" id="901">
					<label>Accent Color</label>
					<label2>$VAR[AccentColor]</label2>
					<include>DefaultSettingButton</include>
					<onclick>RunScript(script.skin.helper.colorpicker,skinstring=accent_color)</onclick>
				</control>
				<control type="button" id="902">
					<label>Kodi Logo Color</label>
					<label2>$VAR[KodiLogoColor]</label2>
					<include>DefaultSettingButton</include>
					<onclick>RunScript(script.skin.helper.colorpicker,skinstring=kodi_logo_color)</onclick>
				</control>
				<control type="button" id="903">
					<label>Kodi Logo Text Color</label>
					<label2>$VAR[KodiLogoTextColor]</label2>
					<include>DefaultSettingButton</include>
					<onclick>RunScript(script.skin.helper.colorpicker,skinstring=kodi_logo_text_color)</onclick>
				</control>

				<control type="button" id="904">
					<label>-- Reset All</label>
					<include>DefaultSettingButton</include>
					<onclick>Skin.Reset(accent_color)</onclick>
					<onclick>Skin.Reset(kodi_logo_color)</onclick>
					<onclick>Skin.Reset(kodi_logo_text_color)</onclick>
				</control>
			</control>

			<!-- Overlays / Backgrounds-->
			<control type="grouplist" id="10000">
				<top>168</top>
				<left>0</left>
				<right>0</right>
				<bottom>142</bottom>
				<onleft>9000</onleft>
				<onright>60</onright>
				<onup>400321</onup>
				<ondown>60</ondown>
				<pagecontrol>60</pagecontrol>
				<visible>Container(9000).HasFocus(5)</visible>
				<control type="button" id="10002">
					<include>DefaultSettingButton</include>
					<label>Multi Image Background Folder</label>
					<label2>$VAR[BackgroundsFolder]</label2>
					<onclick>Skin.SetPath(Backgrounds)</onclick>
                </control>
				<control type="button" id="10001">
					<label>Global Overlay Color</label>
					<label2>$VAR[GlobalOverlayColor]</label2>
					<include>DefaultSettingButton</include>
					<onclick>RunScript(script.skin.helper.colorpicker,skinstring=global_overlay_color)</onclick>
				</control>
				<control type="button" id="10003">
					<label>Background Diffuse Color</label>
					<label2>$VAR[BackgroundDiffuseColor]</label2>
					<include>DefaultSettingButton</include>
					<onclick>RunScript(script.skin.helper.colorpicker,skinstring=background_diffuse_color)</onclick>
				</control>
				<control type="label" id="1000010">
					<label>=======================</label>
					<include>DefaultSettingButton</include>
				</control>
				<control type="button" id="10004">
					<label>Background Texture Overlay</label>
					<include>DefaultSettingButton</include>
					<label2>$VAR[BackgroundTextureOverlay]</label2>
					<onclick>RunScript(script.skin.helper.service, action=OVERLAYTEXTURE,skinstring=background_texture_overlay)</onclick>
				</control>
				<control type="button" id="10005">
					<label>Background Texture Overlay Color</label>
					<label2>$VAR[BackgroundTextureOverlayColor]</label2>
					<include>DefaultSettingButton</include>
					<onclick>RunScript(script.skin.helper.colorpicker,skinstring=background_texture_overlay_color)</onclick>
				</control>
				<control type="label" id="1000011">
					<label>=======================</label>
					<include>DefaultSettingButton</include>
				</control>
				<control type="button" id="10006">
					<label>-- Reset All</label>
					<include>DefaultSettingButton</include>
					<onclick>Skin.Reset(global_overlay_color)</onclick>
					<onclick>Skin.Reset(Backgrounds)</onclick>
					<onclick>Skin.Reset(background_diffuse_color)</onclick>
					<onclick>Skin.Reset(background_texture_overlay)</onclick>
					<onclick>Skin.Reset(background_texture_overlay_color)</onclick>
				</control>
			</control>

			<!-- Forced Views -->
			<control type="grouplist" id="6000">
				<top>160</top>
				<left>0</left>
				<right>0</right>
				<bottom>140</bottom>
				<onleft>9000</onleft>
				<onright>60</onright>
				<onup>700</onup>
				<ondown>700</ondown>
				<visible>Container(9000).HasFocus(6)</visible>
				<control type="radiobutton" id="6009">
					<label>Enable forced views</label>
					<include>DefaultSettingButton</include>
					<onclick>Skin.ToggleSetting(SkinHelper.ForcedViews.Enabled)</onclick>
					<selected>Skin.HasSetting(SkinHelper.ForcedViews.Enabled)</selected>
				</control>
				<control type="button" id="6010">
					<include>DefaultSettingButton</include>
					<onclick>RunScript(script.skin.helper.service,action=setforcedview,contenttype=movies)</onclick>
					<visible>Skin.HasSetting(SkinHelper.ForcedViews.Enabled)</visible>
					<label>Forced view for movies: $INFO[Skin.String(SkinHelper.ForcedViews.movies)]</label>
				</control>
				<control type="button" id="6011">
					<include>DefaultSettingButton</include>
					<onclick>RunScript(script.skin.helper.service,action=setforcedview,contenttype=tvshows)</onclick>
					<visible>Skin.HasSetting(SkinHelper.ForcedViews.Enabled)</visible>
					<label>Forced view for tv shows:  $INFO[Skin.String(SkinHelper.ForcedViews.tvshows)]</label>
				</control>
				<control type="button" id="6012">
					<include>DefaultSettingButton</include>
					<onclick>RunScript(script.skin.helper.service,action=setforcedview,contenttype=seasons)</onclick>
					<visible>Skin.HasSetting(SkinHelper.ForcedViews.Enabled)</visible>
					<label>Forced view for seasons:  $INFO[Skin.String(SkinHelper.ForcedViews.seasons)]</label>
				</control>
				<control type="button" id="6013">
					<include>DefaultSettingButton</include>
					<onclick>RunScript(script.skin.helper.service,action=setforcedview,contenttype=episodes)</onclick>
					<visible>Skin.HasSetting(SkinHelper.ForcedViews.Enabled)</visible>
					<label>Forced view for episodes: $INFO[Skin.String(SkinHelper.ForcedViews.episodes)]</label>
				</control>
				<control type="button" id="6014">
					<include>DefaultSettingButton</include>
					<onclick>RunScript(script.skin.helper.service,action=setforcedview,contenttype=sets)</onclick>
					<visible>Skin.HasSetting(SkinHelper.ForcedViews.Enabled)</visible>
					<label>Forced view for movie sets: $INFO[Skin.String(SkinHelper.ForcedViews.sets)]</label>
				</control>
				<control type="button" id="6015">
					<include>DefaultSettingButton</include>
					<onclick>RunScript(script.skin.helper.service,action=setforcedview,contenttype=setmovies)</onclick>
					<visible>Skin.HasSetting(SkinHelper.ForcedViews.Enabled)</visible>
					<label>Forced view for movies inside set: $INFO[Skin.String(SkinHelper.ForcedViews.setmovies)]</label>
				</control>
				<control type="button" id="6016">
					<include>DefaultSettingButton</include>
					<onclick>RunScript(script.skin.helper.service,action=setforcedview,contenttype=files)</onclick>
					<visible>Skin.HasSetting(SkinHelper.ForcedViews.Enabled)</visible>
					<label>Forced view for files: $INFO[Skin.String(SkinHelper.ForcedViews.files)]</label>
				</control>
			</control>
			
			<!-- Required Add-ons -->
			<control type="grouplist" id="20000">
				<top>160</top>
				<left>0</left>
				<right>0</right>
				<bottom>140</bottom>
				<onleft>9000</onleft>
				<onright>60</onright>
				<onup>700</onup>
				<ondown>700</ondown>
				<visible>Container(9000).HasFocus(7)</visible>
				<control type="radiobutton" id="20002">
					<label>Skin Shortcuts $INFO[System.AddonVersion(script.skinshortcuts),(,)]</label>
					<textureradioonfocus>buttons/radio-button-on.png</textureradioonfocus>
					<textureradioonnofocus>buttons/radio-button-on.png</textureradioonnofocus>
					<textureradioofffocus>buttons/radio-button-off.png</textureradioofffocus>
					<textureradiooffnofocus>buttons/radio-button-off.png</textureradiooffnofocus>
					<onclick condition="!System.HasAddon(script.skinshortcuts)">InstallAddon(script.skinshortcuts)</onclick>
					<onclick condition="System.HasAddon(script.skinshortcuts)">Addon.OpenSettings(script.skinshortcuts)</onclick>
					<selected>System.HasAddon(script.skinshortcuts)</selected>
					<include>DefaultSettingButton</include>
				</control>
				<control type="radiobutton" id="20003">
					<label>Skin Helper Service $INFO[System.AddonVersion(script.skin.helper.service),(,)]</label>
					<textureradioonfocus>buttons/radio-button-on.png</textureradioonfocus>
					<textureradioonnofocus>buttons/radio-button-on.png</textureradioonnofocus>
					<textureradioofffocus>buttons/radio-button-off.png</textureradioofffocus>
					<textureradiooffnofocus>buttons/radio-button-off.png</textureradiooffnofocus>
					<onclick condition="!System.HasAddon(script.skin.helper.service)">InstallAddon(script.skin.helper.service)</onclick>
					<onclick condition="System.HasAddon(script.skin.helper.service)">Addon.OpenSettings(script.skin.helper.service)</onclick>
					<selected>System.HasAddon(script.skin.helper.service)</selected>
					<include>DefaultSettingButton</include>
				</control>
				<control type="radiobutton" id="20004">
					<label>Skin Helper Service ColorPicker $INFO[System.AddonVersion(script.skin.helper.colorpicker),(,)]</label>
					<textureradioonfocus>buttons/radio-button-on.png</textureradioonfocus>
					<textureradioonnofocus>buttons/radio-button-on.png</textureradioonnofocus>
					<textureradioofffocus>buttons/radio-button-off.png</textureradioofffocus>
					<textureradiooffnofocus>buttons/radio-button-off.png</textureradiooffnofocus>
					<onclick condition="!System.HasAddon(script.skin.helper.colorpicker)">InstallAddon(script.skin.helper.colorpicker)</onclick>
					<onclick condition="System.HasAddon(script.skin.helper.colorpicker)">Addon.OpenSettings(script.skin.helper.colorpicker)</onclick>
					<selected>System.HasAddon(script.skin.helper.colorpicker)</selected>
					<include>DefaultSettingButton</include>
				</control>
				<control type="radiobutton" id="20005">
					<label>The MovieDB Helper $INFO[System.AddonVersion(plugin.video.themoviedb.helper),(,)]</label>
					<textureradioonfocus>buttons/radio-button-on.png</textureradioonfocus>
					<textureradioonnofocus>buttons/radio-button-on.png</textureradioonnofocus>
					<textureradioofffocus>buttons/radio-button-off.png</textureradioofffocus>
					<textureradiooffnofocus>buttons/radio-button-off.png</textureradiooffnofocus>
					<onclick condition="!System.HasAddon(plugin.video.themoviedb.helper)">InstallAddon(plugin.video.themoviedb.helper)</onclick>
					<onclick condition="System.HasAddon(plugin.video.themoviedb.helper)">Addon.OpenSettings(plugin.video.themoviedb.helper)</onclick>
					<selected>System.HasAddon(plugin.video.themoviedb.helper)</selected>
					<include>DefaultSettingButton</include>
				</control>
				<control type="radiobutton" id="20006">
					<label>YouTube $INFO[System.AddonVersion(plugin.video.youtube),(,)]</label>
					<textureradioonfocus>buttons/radio-button-on.png</textureradioonfocus>
					<textureradioonnofocus>buttons/radio-button-on.png</textureradioonnofocus>
					<textureradioofffocus>buttons/radio-button-off.png</textureradioofffocus>
					<textureradiooffnofocus>buttons/radio-button-off.png</textureradiooffnofocus>
					<onclick condition="!System.HasAddon(plugin.video.youtube)">InstallAddon(plugin.video.youtube)</onclick>
					<onclick condition="System.HasAddon(plugin.video.youtube)">Addon.OpenSettings(plugin.video.youtube)</onclick>
					<selected>System.HasAddon(plugin.video.youtube)</selected>
					<include>DefaultSettingButton</include>
				</control>
				<control type="radiobutton" id="20007">
					<label>ExtendedInfo Script $INFO[System.AddonVersion(script.extendedinfo),(,)]</label>
					<textureradioonfocus>buttons/radio-button-on.png</textureradioonfocus>
					<textureradioonnofocus>buttons/radio-button-on.png</textureradioonnofocus>
					<textureradioofffocus>buttons/radio-button-off.png</textureradioofffocus>
					<textureradiooffnofocus>buttons/radio-button-off.png</textureradiooffnofocus>
					<onclick condition="!System.HasAddon(script.extendedinfo)">InstallAddon(script.extendedinfo)</onclick>
					<onclick condition="System.HasAddon(script.extendedinfo)">Addon.OpenSettings(script.extendedinfo)</onclick>
					<selected>System.HasAddon(script.extendedinfo)</selected>
					<include>DefaultSettingButton</include>
				</control>
				<control type="radiobutton" id="20008">
					<label>Image Resource Select Addon $INFO[System.AddonVersion(script.image.resource.select),(,)]</label>
					<textureradioonfocus>buttons/radio-button-on.png</textureradioonfocus>
					<textureradioonnofocus>buttons/radio-button-on.png</textureradioonnofocus>
					<textureradioofffocus>buttons/radio-button-off.png</textureradioofffocus>
					<textureradiooffnofocus>buttons/radio-button-off.png</textureradiooffnofocus>
					<onclick condition="!System.HasAddon(script.image.resource.select)">InstallAddon(script.image.resource.select)</onclick>
					<onclick condition="System.HasAddon(script.image.resource.select)">Addon.OpenSettings(script.image.resource.select)</onclick>
					<selected>System.HasAddon(script.image.resource.select)</selected>
					<include>DefaultSettingButton</include>
				</control>
				<control type="radiobutton" id="20009">
					<label>Artwork Downloader $INFO[System.AddonVersion(script.artwork.downloader),(,)]</label>
					<textureradioonfocus>buttons/radio-button-on.png</textureradioonfocus>
					<textureradioonnofocus>buttons/radio-button-on.png</textureradioonnofocus>
					<textureradioofffocus>buttons/radio-button-off.png</textureradioofffocus>
					<textureradiooffnofocus>buttons/radio-button-off.png</textureradiooffnofocus>
					<onclick condition="!System.HasAddon(script.artwork.downloader)">InstallAddon(script.artwork.downloader)</onclick>
					<onclick condition="System.HasAddon(script.artwork.downloader)">Addon.OpenSettings(script.artwork.downloader)</onclick>
					<selected>System.HasAddon(script.artwork.downloader)</selected>
					<include>DefaultSettingButton</include>
				</control>
				<control type="radiobutton" id="20010">
					<label>AutoCompletion for virtual keyboard $INFO[System.AddonVersion(plugin.program.autocompletion),(,)]</label>
					<textureradioonfocus>buttons/radio-button-on.png</textureradioonfocus>
					<textureradioonnofocus>buttons/radio-button-on.png</textureradioonnofocus>
					<textureradioofffocus>buttons/radio-button-off.png</textureradioofffocus>
					<textureradiooffnofocus>buttons/radio-button-off.png</textureradiooffnofocus>
					<onclick condition="!System.HasAddon(plugin.program.autocompletion)">InstallAddon(plugin.program.autocompletion)</onclick>
					<onclick condition="System.HasAddon(plugin.program.autocompletion)">Addon.OpenSettings(plugin.program.autocompletion)</onclick>
					<selected>System.HasAddon(plugin.program.autocompletion)</selected>
					<include>DefaultSettingButton</include>
				</control>
			</control>
		</control>


		
		
		<!-- Left Menu -->
		<control type="group">
			<depth>DepthContentPanel</depth>
			<left>0</left>
			<include>OpenClose_Left</include>
			<include content="ContentPanel">
				<param name="width" value="530" />
			</include>
			
			<control type="list" id="9000">
				<description>button area</description>
				<left>0</left>
				<top>160</top>
				<width>470</width>
				<height>700</height>
				<onleft>10000</onleft>
				<onright>10000</onright>
				<onup>9000</onup>
				<ondown>9000</ondown>
				<itemlayout height="90" width="470">
					<control type="label">
						<textoffsetx>30</textoffsetx>
						<width>470</width>
						<height>90</height>
						<label>$INFO[ListItem.Label]</label>
						<font>font37</font>
						<aligny>center</aligny>
					</control>
				</itemlayout>
				<focusedlayout height="90" width="470">
					<control type="image">
						<width>470</width>
						<height>90</height>
						<texture colordiffuse="$VAR[AccentColor]">lists/focus.png</texture>
						<animation effect="fade" start="100" end="50" time="40" condition="!Control.HasFocus(9000)">Conditional</animation>
					</control>
					<control type="label">
						<textoffsetx>30</textoffsetx>
						<width>470</width>
						<height>90</height>
						<font>font37</font>
						<aligny>center</aligny>
						<label>$INFO[ListItem.Label]</label>
					</control>
				</focusedlayout>

				<content>
					<item id="1">
						<label>$LOCALIZE[128]</label>
						<onclick>noop</onclick>
					</item>
					<item id="2">
						<label>$LOCALIZE[31159]</label>
						<onclick>noop</onclick>
					</item>
					<item id="3">
						<label>Menus</label>
						<onclick>noop</onclick>
					</item>
					<item id="4">
						<label>Skin Colors</label>
						<onclick>noop</onclick>
					</item>
					<item id="5">
						<label>Overlays</label>
						<onclick>noop</onclick>
					</item>
					<item id="6">
						<label>Forced Views</label>
						<onclick>noop</onclick>
					</item>
					<item id="7">
						<label>Extra Addons</label>
						<onclick>noop</onclick>
					</item>
				</content>
			</control>
		</control>

		<control type="group">
			<right>0</right>
			<top>163</top>
			<bottom>137</bottom>
			<width>60</width>
			<control type="scrollbar" id="60">
				<right>0</right>
				<top>0</top>
				<bottom>0</bottom>
				<width>12</width>
				<orientation>vertical</orientation>
				<texturesliderbackground />
				<animation effect="slide" end="6,0" time="300" tween="sine" easing="inout" condition="!Control.HasFocus(60)">conditional</animation>
				<onleft>1000</onleft>
				<onright>1000</onright>
				<animation effect="fade" start="0" end="100" time="200" delay="300">Visible</animation>
				<animation effect="fade" start="100" end="0" time="200">Hidden</animation>
				<animation effect="fade" start="0" end="100" delay="300" time="320">WindowOpen</animation>
				<animation effect="fade" start="100" end="0" time="150">WindowClose</animation>
				<hitrect x="0" y="0" w="60" h="100%" />
				<visible>Control.IsVisible(610)</visible>
			</control>
		</control>

		<include content="TopBar">
			<param name="breadcrumbs_label" value="$LOCALIZE[20077]" />
		</include>

		<include>BottomBar</include>
		<control type="textbox" id="6">
			<include>OpenClose_Right</include>
			<description>description area</description>
			<left>510</left>
			<bottom>27</bottom>
			<width>1350</width>
			<height>100</height>
			<font>font12</font>
			<align>justify</align>
			<textcolor>$VAR[AccentColor]</textcolor>
			<label>$VAR[SkinSettingsHelpTextVar]</label>
			<autoscroll time="3000" delay="5000" repeat="5000">true</autoscroll>
		</control>
	</controls>
</window>
