<?xml version="1.0" encoding="UTF-8"?>
<window type="window">
		<defaultcontrol always="true">99</defaultcontrol>
		<backgroundcolor>FF121212</backgroundcolor>
		<animation effect="fade" start="0,0" time="100">WindowOpen</animation>
		<coordinates>
			<left>0</left>
			<top>0</top>
		</coordinates>
		<controls>
			<control type="group">
				<control type="image">
					<top>0</top>
					<left>0</left>
					<height>120</height>
					<width>1905</width>
					<texture>panel.png</texture>
				</control>
				<control type="label" id="1">
					<top>40</top>
					<left>100</left>
					<height>100</height>
					<label></label>
					<size>50</size>
					<backgroundcolor>0xff121212</backgroundcolor>
					<align>left</align>
				</control>
				<control type="group">
					<top>30</top>
					<left>0</left>
					<control type="grouplist" id="9000">
						<width>1845</width>
						<align>right</align>
						<ondown>99</ondown>
						<onright>99</onright>
						<orientation>horizontal</orientation>
						<itemgap>10</itemgap>
						<control type="button" id="9001">
							<width>120</width>
							<height>60</height>
							<label>Exit</label>
							<backgroundcolor>0xff999999</backgroundcolor>
							<align>center</align>
							<textcolor>FFFFFFFF</textcolor>
							<focusedcolor>FFFFFFFF</focusedcolor>
							<texturefocus colordiffuse="FF20BAF9">focus.png</texturefocus>
							<texturenofocus colordiffuse="FF1E6A89">focus.png</texturenofocus>
						</control>
					</control>
				</control>
				<control type="textbox" id="2">
					<description>File Viewer</description>
					<left>85</left>
					<top>140</top>
					<height>925</height>
					<width>1750</width>
					<align>left</align>
					<aligny>top</aligny>
					<showonepage>true</showonepage>
					<pagecontrol>99</pagecontrol>
					<visible>true</visible>
					<scrollsuffix></scrollsuffix>
				</control>
			</control>
			<control type="group">
				<right>0</right>
				<top>0</top>
				<width>60</width>
				<bottom>0</bottom>
				<control type="scrollbar" id="99">
					<onup>9000</onup>
					<onright>9000</onright>
					<onleft>9000</onleft>
					<right>0</right>
					<top>0</top>
					<bottom>0</bottom>
					<width>13</width>
					<orientation>vertical</orientation>
					<textureslidernib>osd_slider_nibnf.png</textureslidernib>
					<textureslidernibfocus>osd_slider_nib.png</textureslidernibfocus>
					<orientation>vertical</orientation>
					<showonepage>false</showonepage>
				</control>
			</control>
	</controls>
</window>