<?xml version="1.0" encoding="UTF-8"?>
<window type="window">
		<defaultcontrol always="true">99</defaultcontrol>
		<backgroundcolor>0xff121212</backgroundcolor>
		<animation effect="fade" start="0,0" time="100">WindowOpen</animation>
		<coordinates>
			<left>0</left>
			<top>0</top>
		</coordinates>
		<controls>
			<control type="group">
				<control type="image">
					<top>0</top>
					<left>0</left>
					<height>120</height>
					<width>1905</width>
					<texture>panel.png</texture>
				</control>
				<control type="label">
					<top>40</top>
					<left>0</left>
					<height>100</height>
					<width>1920</width>
					<label>Kodi Log Viewer</label>
					<size>50</size>
					<backgroundcolor>0xff121212</backgroundcolor>
					<align>center</align>
				</control>
				<control type="textbox" id="1">
					<description>log file textbox</description>
					<left>85</left>
					<top>140</top>
					<height>925</height>
					<width>1750</width>
					<align>left</align>
					<aligny>top</aligny>
					<showonepage>true</showonepage>
					<pagecontrol>99</pagecontrol>
					<visible>true</visible>
				</control>
			</control>
			<control type="group">
				<right>0</right>
				<top>0</top>
				<width>60</width>
				<bottom>0</bottom>
				<control type="scrollbar" id="99">
					<right>0</right>
					<top>0</top>
					<bottom>0</bottom>
					<width>13</width>
					<orientation>vertical</orientation>
					<textureslidernib>osd_slider_nibnf.png</textureslidernib>
					<textureslidernibfocus>osd_slider_nib.png</textureslidernibfocus>
					<orientation>vertical</orientation>
					<showonepage>false</showonepage>
				</control>
			</control>
	</controls>
</window>