<?xml version="1.0" encoding="UTF-8"?>
<addon id="skin.lugh" version="1.0.2" name="LÚGH" provider-name="nazarja">
	<requires>
		<import addon="xbmc.gui" version="5.14.0"/>
		<import version="1.0.17" addon="script.skinshortcuts"/>
		<import version="1.1.3" addon="script.skin.helper.service"/>
		<import addon="resource.images.backgroundoverlays.basic" version="1.0.0"/>
        <import addon="script.skin.helper.backgrounds" version="1.0.0"/>
	</requires>
	<extension point="xbmc.gui.skin" debugging="false">
		<res width="1920" height="1080" aspect="16:9" default="true" folder="xml" />
	</extension>
	<extension point="xbmc.addon.metadata">
		<summary lang="en_GB">Lúgh skin by Nazarja</summary>
		<summary lang="en_US">Lúgh skin by Nazarja</summary>
		<description lang="en_GB">Lúgh is a modification of the default Estuary Skin.</description>
		<description lang="en_US">Lúgh is a modification of the default Estuary Skin</description>
		<platform>all</platform>
		<license>CC BY-SA 4.0, GNU GENERAL PUBLIC LICENSE Version 2.0</license>
		<forum>http://forum.kodi.tv/</forum>
		<source>https://github.com/nazarja/skin.lugh/</source>
		<assets>
			<icon>resources/icon.png</icon>
			<fanart>resources/fanart.jpg</fanart>
		</assets>
	</extension>
</addon>
