<?xml version="1.0" encoding="UTF-8" standalone="yes"?>
<addon id="repository.nazarja" name="Nazarja Repository" version="1.0.0" provider-name="nazarja">
    <extension point="xbmc.addon.repository" name="Nazarja Repository">
        <dir>
            <info compressed="false">https://raw.githubusercontent.com/nazarja/repository.nazarja/master/xml/addons.xml</info>
            <checksum>https://raw.githubusercontent.com/nazarja/repository.nazarja/master/xml/addons.xml.md5</checksum>
            <datadir zip="true">https://raw.githubusercontent.com/nazarja/repository.nazarja/master/zips/</datadir>
        </dir>
    </extension>
    <extension point="xbmc.addon.metadata">
        <summary lang="en_GB">Nazarja Repository</summary>
        <description lang="en_GB">Kodi repository for addons from nazarja</description>
        <platform>all</platform>
        <assets>
            <icon>icon.png</icon>
            <fanart>fanart.jpg</fanart>
        </assets>
    </extension>
</addon>