<?xml version="1.0" encoding="utf-8"?>
<window type="dialog" id="1109">
	<visible>Window.IsActive(fullscreenvideo) | Window.IsActive(visualisation)</visible>
	<visible>Window.IsActive(seekbar) | Window.IsActive(pvrosdchannels) | Window.IsActive(pvrchannelguide)</visible>
	<depth>DepthOSD</depth>
	<include>Animation_TopSlide</include>
	<zorder>0</zorder>
	<controls>
		<control type="group">
			<animation effect="slide" end="0,-90" time="300" tween="sine" easing="inout" condition="$EXP[infodialog_active]">conditional</animation>
			<depth>DepthBars</depth>
			<control type="image">
				<left>0</left>
				<top>0</top>
				<width>100%</width>
				<height>170</height>
				<texture>frame/osdfade.png</texture>
			</control>
			<control type="group">
				<visible>!Window.IsActive(pvrosdchannels) + !Window.IsActive(pvrchannelguide)</visible>
				<!-- <visible>String.IsEmpty(Player.Art(clearlogo))</visible>
				<visible>String.IsEmpty(Player.Art(tvshow.clearlogo))</visible> -->
				<animation effect="fade" time="150">VisibleChange</animation>
				<left>30</left>
				<right>400</right>
				<control type="label">
					<label>$VAR[NowPlayingBreadcrumbsVar]</label>
					<font>font_title</font>
					<textcolor>$VAR[AccentColor]</textcolor>
					<shadowcolor>text_shadow</shadowcolor>
					<top>7</top>
					<height>100</height>
					<left>0</left>
					<right>0</right>
				</control>
				<control type="label">
					<top>60</top>
					<font>font_description</font>
					<label>$VAR[OSDSubLabelVar]</label>
					<shadowcolor>text_shadow</shadowcolor>
					<height>100</height>
					<left>0</left>
					<right>0</right>
				</control>
			</control>
			<control type="group">
				<visible>!Window.IsVisible(extendedprogressdialog)</visible>
				<animation effect="fade" time="150">VisibleChange</animation>
				<control type="label">
					<font>font_top_bar_player</font>
					<shadowcolor>text_shadow</shadowcolor>
					<top>10</top>
					<right>40</right>
					<height>200</height>
					<width>600</width>
					<align>right</align>
					<label>$INFO[System.Time(hh)]:$INFO[System.Time(mm)] [COLOR $VAR[AccentColor]]$INFO[System.Time(xx)][/COLOR]</label>
				</control>
				<control type="group">
					<left>1797</left>
					<top>65</top>
					<width>90</width>
					<height>80</height>
					<!-- <control type="image">
						<left>0</left>
						<top>5</top>
						<width>88</width>
						<height>88</height>
						<texture>osd/buffer-bg.png</texture>
						<visible>Player.Muted</visible>
						<animation effect="fade" time="150">VisibleChange</animation>
					</control> -->
					<control type="image">
						<top>30</top>
						<left>23</left>
						<right>0</right>
						<width>75</width>
						<height>40</height>
						<fadetime>300</fadetime>
						<aspectratio aligny="center" align="left">keep</aspectratio>
						<texture>dialogs/volume/mute.png</texture>
						<visible>Player.Muted</visible>
					</control>
				</control>
			</control>
		</control>
	</controls>
</window>
