<?xml version="1.0" encoding="UTF-8"?>
<window>
	<onload condition="Control.IsVisible(9961)">Control.SetFocus(9961)</onload>
	<onload condition="!Control.IsVisible(9961)">Control.SetFocus(996)</onload>
	<defaultcontrol>996</defaultcontrol>
	<include>Animation_DialogPopupOpenClose</include>
	<coordinates>
		<left>0</left>
		<top>0</top>
		<origin x="50%" y="400">Window.IsActive(Home)</origin>
	</coordinates>
	<controls>
		<control type="image">
			<left>-1920</left>
			<top>-1080</top>
			<width>5760</width>
			<height>3240</height>
			<animation effect="fade" start="0" end="100" time="300">WindowOpen</animation>
			<animation effect="fade" start="100" end="0" time="200">WindowClose</animation>
			<texture colordiffuse="B0FFFFFF">colors/black.png</texture>
		</control>
		<control type="button">
			<left>-1920</left>
			<top>-1080</top>
			<width>5760</width>
			<height>3240</height>
			<texturefocus />
			<texturenofocus />
			<onclick>Action(close)</onclick>
		</control>
		<control type="group">
			<animation effect="slide" end="-225" time="0" condition="Window.IsActive(home)">conditional</animation>
			<control type="image" id="999">
				<description>background image</description>
				<left>0</left>
				<top>0</top>
				<width>450</width>
				<height>780</height>
				<texture colordiffuse="dialog_tint">colors/white.png</texture>
			</control>
			<control type="grouplist" id="996">
				<description>grouplist for context buttons</description>
				<defaultcontrol>9961</defaultcontrol>
				<left>0</left>
				<top>0</top>
				<width>450</width>
				<height max="780">auto</height>
				<usecontrolcoords>true</usecontrolcoords>
				<control type="button" id="9961">
					<description>Trailer</description>
					<left>0</left>
					<top>0</top>
					<label>Trailer</label>
					<onclick>Action(close)</onclick>
					<onclick>PlayMedia($INFO[ListItem.Trailer])</onclick>
					<width>450</width>
					<height>65</height>
					<align>center</align>
					<visible>Container.Content(movies) | Container.Content(tvshows) | Container.Content(seasons) | Container.Content(episodes)</visible>
					<texturefocus colordiffuse="$VAR[AccentColor]">lists/focus.png</texturefocus>
					<texturenofocus />
				</control>
				<control type="button" id="9962">
					<description>Youtube Trailers</description>
					<left>0</left>
					<top>0</top>
					<label>Youtube Trailers</label>
					<onclick>Action(close)</onclick>
					<onclick condition="System.HasAddon(plugin.video.youtube)">RunScript(script.skin.helper.service,action=searchyoutube,title=$INFO[ListItem.Title] Trailer,header=Search YouTube Trailers)</onclick>
					<width>450</width>
					<height>65</height>
					<align>center</align>
					<visible>Container.Content(movies) | Container.Content(tvshows) | Container.Content(seasons) | Container.Content(episodes)</visible>
					<texturefocus colordiffuse="$VAR[AccentColor]">lists/focus.png</texturefocus>
					<texturenofocus />
				</control>
			</control>
			<include content="UpDownArrows">
				<param name="container_id" value="996" />
				<param name="posx" value="201" />
				<param name="up_posy" value="-40" />
				<param name="down_posy" value="798" />
			</include>
		</control>
		<control type="button" id="1000">
			<description>button template</description>
			<left>0</left>
			<top></top>
			<width>450</width>
			<height>65</height>
			<align>center</align>
			<texturefocus colordiffuse="$VAR[AccentColor]">lists/focus.png</texturefocus>
			<texturenofocus />
		</control>
	</controls>
</window>
