<?xml version="1.0" encoding="UTF-8"?>
<includes>
	<include name="View_50_List">
		<onfocus condition="Container.Content(movies) | Container.Content(tvshows)">RunScript(script.skin.helper.service,action=stripstring,splitchar==,string=$INFO[Container.FolderPath],output=SubFolderPath,index=-1)</onfocus>
		<onunfocus condition="Container.Content(movies) | Container.Content(tvshows)">RunScript(script.skin.helper.service,action=stripstring,splitchar==,string=$INFO[Container.FolderPath],output=SubFolderPath,index=-1)</onunfocus>
		<control type="group">
			<include>OpenClose_Right</include>
			<left>0</left>
			<visible>Control.IsVisible(50)</visible>
			<include>Visible_Right</include>
			<include content="ListContainer">
				<param name="list_id" value="50" />
				<param name="width" value="695" />
				<param name="viewtype_label" value="$LOCALIZE[535]" />
			</include>
			<control type="group">
				<control type="group">
					<right>-20</right>
					<width>635</width>
					<include content="ContentPanel">
						<param name="left" value="-622" />
						<param name="top" value="-20" />
						<param name="width" value="657" />
						<param name="flipx" value="false" />
					</include>
					<control type="scrollbar" id="50600">
						<left>-1240</left>
						<top>list_y_offset</top>
						<width>12</width>
						<bottom>list_y_offset</bottom>
						<onleft>50</onleft>
						<onright>50</onright>
						<orientation>vertical</orientation>
						<animation effect="zoom" start="50,100" end="50,100" time="300" tween="sine" center="20,0" easing="inout" condition="!Control.HasFocus(50600)">conditional</animation>
					</control>
					<control type="image">
						<depth>DepthContentPopout</depth>
						<left>-570</left>
						<top>90</top>
						<bottom>124</bottom>
						<fadetime>200</fadetime>
						<width max="550">auto</width>
						<aspectratio aligny="center">keep</aspectratio>
						<texture fallback="DefaultVideo.png" background="true">$VAR[InfoWallThumbVar]</texture>
						<visible>!Container.Content(files) | !Container.Content(addons)</visible>
					</control>
					<control type="image">
						<depth>DepthContentPopout</depth>
						<left>-600</left>
						<top>90</top>
						<bottom>124</bottom>
						<fadetime>200</fadetime>
						<width max="600">auto</width>
						<aspectratio aligny="center">keep</aspectratio>
						<texture fallback="DefaultVideo.png" background="true">$VAR[InfoWallThumbVar]</texture>
						<visible>Container.Content(files) | Container.Content(addons)</visible>
					</control>
				</control>
			</control>
		</control>
	</include>
	<include name="ListContainer">
		<param name="left">0</param>
		<param name="right">0</param>
		<param name="width">1920</param>
		<definition>
			<control type="fixedlist" id="$PARAM[list_id]">
				<left>$PARAM[left]</left>
				<right>$PARAM[right]</right>
				<width>$PARAM[width]</width>
				<top>list_y_offset</top>
				<bottom>list_y_offset</bottom>
				<movement>5</movement>
				<focusposition>6</focusposition>
				<scrolltime tween="cubic" easing="out">500</scrolltime>
				<orientation>vertical</orientation>
				<pagecontrol>$PARAM[list_id]600</pagecontrol>
				<onleft>9000</onleft>
				<onright>$PARAM[list_id]600</onright>
				<onup>$PARAM[list_id]</onup>
				<ondown>$PARAM[list_id]</ondown>
				<onfocus condition="Container.Content(movies) | Container.Content(tvshows)">RunScript(script.skin.helper.service,action=stripstring,splitchar==,string=$INFO[Container.FolderPath],output=SubFolderPath,index=-1)</onfocus>
				<onunfocus condition="Container.Content(movies) | Container.Content(tvshows)">RunScript(script.skin.helper.service,action=stripstring,splitchar==,string=$INFO[Container.FolderPath],output=SubFolderPath,index=-1)</onunfocus>
				<viewtype label="$PARAM[viewtype_label]">list</viewtype>
				<visible>Container.Content(movies) | Container.Content(sets) | Container.Content(tvshows) | Container.Content(seasons) | Container.Content(episodes) |Container.Content(games) | Window.IsActive(MyPlaylist.xml)</visible>
				<focusedlayout height="list_item_height">
					<control type="image">
						<left>0</left>
						<right>0</right>
						<top>0</top>
						<bottom>0</bottom>
						<texture colordiffuse="$VAR[AccentColor]">lists/focus.png</texture>
						<visible>Control.HasFocus($PARAM[list_id])</visible>
					</control>
					<control type="label">
						<left>70</left>
						<right>70</right>
						<top>0</top>
						<bottom>0</bottom>
						<aligny>center</aligny>
						<scroll>true</scroll>
						<font>font27</font>
						<label>$INFO[ListItem.Label]</label>
						<shadowcolor>text_shadow</shadowcolor>
					</control>
					<control type="label">
						<top>0</top>
						<bottom>0</bottom>
						<left>100</left>
						<right>20</right>
						<align>right</align>
						<aligny>center</aligny>
						<font>font12</font>
						<label>$VAR[ListLabel2Var]</label>
						<animation effect="fade" start="70" end="100" time="300" reversible="false">Focus</animation>
						<shadowcolor>text_shadow</shadowcolor>
					</control>
					<control type="image">
						<left>21</left>
						<centertop>50%</centertop>
						<width>32</width>
						<height>32</height>
						<texture>$VAR[ListWatchedIconVar]</texture>
						<animation effect="fade" start="30" end="100" time="300" reversible="false">Focus</animation>
					</control>
					<control type="image">
						<left>21</left>
						<centertop>50%</centertop>
						<width>32</width>
						<height>32</height>
						<texture colordiffuse="$VAR[AccentColor]">$VAR[ListWatchedIconVar]</texture>
						<animation effect="fade" start="0" end="100" time="300" reversible="false">Focus</animation>
						<animation effect="fade" time="150">VisibleChange</animation>
						<visible>!Control.HasFocus($PARAM[list_id])</visible>
					</control>
				</focusedlayout>
				<itemlayout height="list_item_height">
					<control type="label">
						<left>70</left>
						<right>70</right>
						<top>0</top>
						<bottom>0</bottom>
						<aligny>center</aligny>
						<font>font27</font>
						<label>$INFO[ListItem.Label]</label>
						<shadowcolor>text_shadow</shadowcolor>
					</control>
					<control type="label">
						<left>20</left>
						<right>20</right>
						<top>0</top>
						<bottom>0</bottom>
						<align>right</align>
						<aligny>center</aligny>
						<font>font12</font>
						<label>$VAR[ListLabel2Var]</label>
						<textcolor>grey</textcolor>
						<shadowcolor>text_shadow</shadowcolor>
					</control>
					<control type="image">
						<left>21</left>
						<centertop>50%</centertop>
						<width>32</width>
						<height>32</height>
						<texture colordiffuse="grey">$VAR[ListWatchedIconVar]</texture>
					</control>
				</itemlayout>
			</control>
		</definition>
	</include>
	<include name="ListThumbInfoPanel">
		<param name="fallback_image"></param>
		<param name="flip_bg">false</param>
		<definition>
			<control type="group">
				<depth>DepthContentPanel</depth>
				<left>1320</left>
				<include content="ContentPanel">
					<param name="width">660</param>
					<param name="diffuse">EDFFFFFF</param>
				</include>
				<control type="image">
					<left>20</left>
					<top>90</top>
					<width>550</width>
					<height>366</height>
					<fadetime>200</fadetime>
					<aspectratio>scale</aspectratio>
					<fadetime>300</fadetime>
					<texture fallback="$PARAM[fallback_image]" background="true">$VAR[IconWallThumbVar]</texture>
					<visible>!String.IsEqual(ListItem.DbType,episode)</visible>
				</control>
				<control type="image">
					<left>20</left>
					<top>90</top>
					<width>550</width>
					<height>366</height>
					<fadetime>200</fadetime>
					<aspectratio>scale</aspectratio>
					<fadetime>300</fadetime>
					<texture fallback="$PARAM[fallback_image]" background="true">$INFO[ListItem.Art(fanart)]</texture>
					<visible>String.IsEqual(ListItem.DbType,movie) | String.IsEqual(ListItem.DbType,tvshow) | Container.content(seasons)</visible>
				</control>
				<control type="image">
					<left>20</left>
					<top>90</top>
					<width>550</width>
					<height>366</height>
					<fadetime>200</fadetime>
					<aspectratio>scale</aspectratio>
					<aspectratio aligny="bottom">keep</aspectratio>
					<fadetime>300</fadetime>
					<texture background="true">$INFO[ListItem.Icon]</texture>
					<visible>String.IsEqual(ListItem.DbType,episode)</visible>
				</control>
				<control type="group">
					<visible>!Container.Content() | !String.isempty(ListItem.Plot)</visible>
					<left>20</left>
					<control type="textbox">
						<left>0</left>
						<top>480</top>
						<left>25</left>
						<width>550</width>
						<height>50</height>
						<aligny>center</aligny>
						<height>110</height>
						<font>font_title</font>
						<label>$INFO[ListItem.Label]</label>
						<textcolor>$VAR[AccentColor]</textcolor>
						<visible>!Container.Content(files) + !Container.Content(episodes)</visible>
					</control>
					<control type="textbox">
						<left>0</left>
						<top>480</top>
						<left>25</left>
						<width>550</width>
						<height>50</height>
						<aligny>center</aligny>
						<height>110</height>
						<font>font_title</font>
						<label>$INFO[ListItem.Title]</label>
						<textcolor>$VAR[AccentColor]</textcolor>
						<visible>[Container.Content(files) | Container.Content(episodes)] + !String.IsEmpty(ListItem.Title)</visible>
					</control>
					<control type="textbox">
						<left>0</left>
						<top>480</top>
						<left>25</left>
						<width>550</width>
						<height>50</height>
						<aligny>center</aligny>
						<height>110</height>
						<font>font_title</font>
						<label>$INFO[ListItem.Label]</label>
						<textcolor>$VAR[AccentColor]</textcolor>
						<visible>[Container.Content(files) + Container.Content(episodes)] + String.IsEmpty(ListItem.Title)</visible>
					</control>
					<control type="textbox" id="15500">
						<top>545</top>
						<width>525</width>
						<font>font_description</font>
						<bottom>110</bottom>
						<autoscroll time="3000" delay="7000" repeat="5000">!System.HasModalDialog + Skin.HasSetting(AutoScroll)</autoscroll>
						<label>$VAR[ListBoxInfoVar]</label>
						<visible>!String.IsEqual(ListItem.DbType,episode)</visible>
					</control>
					<control type="textbox" id="15501">
						<top>560</top>
						<font>font_description</font>
						<width>525</width>
						<bottom>105</bottom>
						<autoscroll time="3000" delay="7000" repeat="5000">!System.HasModalDialog + Skin.HasSetting(AutoScroll)</autoscroll>
						<label>$INFO[ListItem.Plot]</label>
						<visible>String.IsEqual(ListItem.DbType,episode)</visible>
					</control>
				</control>
				<control type="group">
					<left>20</left>
					<top>640</top>
					<visible>ListItem.IsCollection + String.IsEmpty(ListItem.Plot)</visible>
					<include content="InfoList">
						<param name="bottom" value="100" />
						<param name="width" value="540" />
						<param name="sortby" value="year" />
						<param name="sortorder" value="ascending" />
						<param name="font" value="font13" />
					</include>
				</control>
				<control type="group">
					<visible>!ListItem.IsCollection + String.IsEmpty(Control.GetLabel(15500)) + Control.IsVisible(15500)</visible>
					<control type="textbox">
						<left>30</left>
						<top>460</top>
						<width>530</width>
						<height>413</height>
						<align>center</align>
						<aligny>center</aligny>
						<font>font27</font>
						<textcolor>80FFFFFF</textcolor>
						<label>$LOCALIZE[19055]</label>
						<visible>!ListItem.IsParentFolder</visible>
						<visible>!Integer.IsGreater(Container(42000).NumItems,0) + !Integer.IsGreater(Container(43000).NumItems,0)</visible>
						<visible>!Container.Content() | !String.isempty(ListItem.Plot)</visible>
					</control>
					<control type="group">
						<left>20</left>
						<top>640</top>
						<visible>!String.IsEmpty(ListItem.DBID)</visible>
						<include content="InfoList">
							<param name="list_id" value="42000" />
							<param name="bottom" value="100" />
							<param name="width" value="540" />
							<param name="sortby" value="year" />
							<param name="sortorder" value="ascending" />
							<param name="item_label" value="$INFO[ListItem.Year,[COLOR $VAR[AccentColor]],[/COLOR]  -  ]$INFO[ListItem.Label]" />
							<param name="visible" value="String.IsEqual(ListItem.DBType,artist)" />
						</include>
						<include content="InfoList">
							<param name="list_id" value="43000" />
							<param name="bottom" value="100" />
							<param name="width" value="540" />
							<param name="sortby" value="track" />
							<param name="sortorder" value="ascending" />
							<param name="item_label" value="$INFO[ListItem.Duration,[COLOR $VAR[AccentColor]],[/COLOR]  -  ]$INFO[ListItem.Label]" />
							<param name="visible" value="String.IsEqual(ListItem.DBType,album)" />
						</include>
					</control>
				</control>
				<control type="group">
					<left>280</left>
					<top>75</top>
					<include condition="Skin.HasSetting(circle_rating) | Skin.HasSetting(circle_userrating)">RatingCircle</include>
				</control>
			</control>
			<include content="MediaFlagsBottom"></include>
		</definition>
	</include>
</includes>
