<?xml version="1.0" encoding="UTF-8"?>
<includes>
	<include name="View_51_Poster">
		<control type="button" id="20000">
			<description>Dummy button to get animations right (hide focusedlayout on animations)</description>
			<include>HiddenObject</include>
			<animation effect="fade" delay="500" time="0" start="100" end="0">Visible</animation>
			<animation effect="fade" delay="500" time="0" start="100" end="0">WindowOpen</animation>
			<onclick>noop</onclick>
			<visible>Control.IsVisible(51)</visible>
		</control>
		<control type="group">
			<visible>Control.IsVisible(51)</visible>
			<left>615</left>
			<top>580</top>
			<height>335</height>
			<depth>DepthContentPanel</depth>
			<include content="ContentPanel">
				<param name="width" value="2000" />
				<param name="diffuse" value="FF000000" />
			</include>
		</control>
		<control type="label">
			<top>1020</top>
			<width>1920</width>
			<right>30</right>
			<align>right</align>
			<label>$INFO[ListItem.Genre]</label>
			<visible>!String.IsEmpty(ListItem.Genre)</visible>
			<font>font_top_bar</font>
			<textcolor>$VAR[AccentColor]</textcolor>
			<visible>Control.IsVisible(51)</visible>
		</control>
		<control type="group">
			<visible>Control.IsVisible(51)</visible>
			<include content="MediaFlagsBottom">
				<param name="left">0</param>
				<param name="width">1890</param>
				<param name="align">right</param>
			</include>
		</control>
		<control type="group">
			<description>Poster Viewtype</description>
			<centertop>50%</centertop>
			<height>720</height>
			<control type="group">
				<visible>Control.IsVisible(51)</visible>
				<include>Visible_Right</include>
				<include>OpenClose_Right</include>
				<control type="fixedlist" id="51">
					<left>0</left>
					<top>0</top>
					<width>110%</width>
					<height>704</height>
					<focusposition>1</focusposition>
					<movement>0</movement>
					<pagecontrol>5199</pagecontrol>
					<scrolltime tween="cubic" easing="out">500</scrolltime>
					<orientation>horizontal</orientation>
					<onleft>51</onleft>
					<onup>9000</onup>
					<ondown>5199</ondown>
					<onright>51</onright>
					<onfocus condition="Container.Content(movies) | Container.Content(tvshows)">RunScript(script.skin.helper.service,action=stripstring,splitchar==,string=$INFO[Container.FolderPath],output=SubFolderPath,index=-1)</onfocus>
					<onunfocus condition="Container.Content(movies) | Container.Content(tvshows)">RunScript(script.skin.helper.service,action=stripstring,splitchar==,string=$INFO[Container.FolderPath],output=SubFolderPath,index=-1)</onunfocus>					<hitrect x="100" y="0" w="800" h="400" />
					<visible>Container.Content(movies) | Container.Content(seasons) | Container.Content(sets) | Container.Content(tvshows) | Container.Content(games)</visible>
					<preloaditems>1</preloaditems>
					<viewtype label="20021">icon</viewtype>
					<itemlayout width="260">
						<control type="group">
							<left>-220</left>
							<top>18</top>
							<include>InfoWallMovieLayout</include>
						</control>
					</itemlayout>
					<focusedlayout width="520">
						<control type="group">
							<control type="group">
								<left>-220</left>
								<top>18</top>
								<visible>Container.OnScrollPrevious</visible>
								<visible>Control.IsVisible(20000)</visible>
								<animation effect="fade" time="200" start="100" end="0">Hidden</animation>
								<include>InfoWallMovieLayout</include>
							</control>
							<control type="group">
								<left>-40</left>
								<top>18</top>
								<visible>Container.OnScrollNext</visible>
								<visible>Control.IsVisible(20000)</visible>
								<animation effect="fade" time="200" start="100" end="0">Hidden</animation>
								<include>InfoWallMovieLayout</include>
							</control>
						</control>
					</focusedlayout>
				</control>
				<control type="group">
					<top>5</top>
					<control type="group">
						<left>635</left>
						<top>480</top>
						<height>240</height>
						<visible>ListItem.IsCollection + String.IsEmpty(ListItem.Plot)</visible>
						<include content="InfoList">
							<param name="bottom" value="0" />
							<param name="sortby" value="year" />
							<param name="sortorder" value="ascending" />
							<param name="font" value="font13" />
						</include>
					</control>
					<control type="label">
						<left>645</left>
						<top>400</top>
						<right>50</right>
						<height>40</height>
						<label>$INFO[ListItem.Label]</label>
						<font>font_title</font>
						<shadowcolor>text_shadow</shadowcolor>
						<textcolor>$VAR[AccentColor]</textcolor>
					</control>
					<control type="textbox">
						<left>645</left>
						<top>460</top>
						<height>265</height>
						<right>115</right>
						<font>font_description</font>
						<autoscroll time="3000" delay="7000" repeat="5000">!System.HasActiveModalDialog + Skin.HasSetting(AutoScroll)</autoscroll>
						<label>$INFO[ListItem.Plot]</label>
						<shadowcolor>text_shadow</shadowcolor>
						<visible>![ListItem.IsCollection + String.IsEmpty(ListItem.Plot)]</visible>
					</control>
				</control>
			</control>
		</control>
		<control type="group">
			<centertop>50%</centertop>
			<height>670</height>
			<left>101</left>
			<depth>DepthContentPopout</depth>
			<visible>Control.IsVisible(51)</visible>
			<include>OpenClose_Left</include>
			<include>Visible_Left</include>
			<control type="image">
				<top>-16</top>
				<left>-16</left>
				<width>516</width>
				<height>756</height>
				<texture>colors/black.png</texture>
				<bordertexture border="21">overlays/shadow.png</bordertexture>
				<bordersize>20</bordersize>
			</control>
			<control type="image">
				<left>4</left>
				<top>4</top>
				<width>476</width>
				<height>716</height>
				<fadetime>200</fadetime>
				<aspectratio>scale</aspectratio>
				<texture fallback="DefaultVideo.png" background="true">$VAR[PosterVar]</texture>
			</control>
			<control type="image">
				<left>4</left>
				<top>4</top>
				<width>476</width>
				<height>716</height>
				<fadetime>200</fadetime>
				<aspectratio>scale</aspectratio>
				<visible>String.IsEmpty(PosterVar)</visible>
				<texture fallback="DefaultVideo.png" background="true">$INFO[ListItem.Art(thumb)]</texture>
			</control>
			<control type="image">
				<left>1</left>
				<top>1</top>
				<width>482</width>
				<height>721</height>
				<visible>Control.HasFocus(51)</visible>
				<animation effect="fade" time="100">VisibleChange</animation>
				<texture border="8" colordiffuse="$VAR[AccentColor]">buttons/thumbnail_focused.png</texture>
			</control>
			<control type="group">
				<left>216</left>
				<top>-18</top>
				<include content="RatingCircle">
					<param name="animation" value="True" />
				</include>
			</control>
		</control>
	</include>
</includes>
