<?xml version="1.0" encoding="UTF-8"?>
<includes>
	<include name="View_502_FanArt">
		<control type="group">
			<include>OpenClose_Left</include>
			<visible>Control.IsVisible(502)</visible>
			<include>Visible_Left</include>
			<include content="ListContainer">
				<param name="left" value="-5" />
				<param name="right" value="1300" />
				<param name="width">735</param>
				<param name="list_id" value="502" />
				<param name="viewtype_label" value="$LOCALIZE[20445]" />
			</include>
		</control>
		<control type="group">
			<depth>DepthContentPanel</depth>
			<include>OpenClose_Right</include>
			<visible>Control.IsVisible(502)</visible>
			<include>Visible_Right</include>
			<control type="group">
				<right>-20</right>
				<width>1235</width>
				<include content="ContentPanel">
					<param name="width" value="1235" />
					<param name="left" value="0" />
					<param name="top" value="-20" />
					<param name="flipx" value="true" />
				</include>
				<control type="image" condition="!Container.Content(episodes)">
					<left>38</left>
					<right>36</right>
					<top>90</top>
					<height>544</height>
					<width>340</width>
					<fadetime>300</fadetime>
					<texture border="2" fallback="special://skin/extras/home-images/movie.jpg" background="true">$INFO[ListItem.Art(poster)]</texture>
					<aspectratio align="center" aligny="top">scale</aspectratio>
				</control>
				<control type="image" condition="!Container.Content(episodes)">
					<visible>!Container.Content(episodes)</visible>
					<left>380</left>
					<right>36</right>
					<top>90</top>
					<height>544</height>
					<width>967</width>
					<fadetime>300</fadetime>
					<texture border="2" fallback="special://skin/extras/home-images/movie.jpg" background="true">$VAR[FanartImageVar]</texture>
					<aspectratio align="right" aligny="bottom">scale</aspectratio>
				</control>
				<control type="image" condition="Container.Content(episodes)">
					<visible>Container.Content(episodes)</visible>
					<left>380</left>
					<right>36</right>
					<top>90</top>
					<height>544</height>
					<width>967</width>
					<texture border="2" fallback="special://skin/extras/home-images/movie.jpg" background="true">$INFO[ListItem.Art(thumb)]</texture>
					<aspectratio align="right" aligny="bottom">scale</aspectratio>
				</control>
				<control type="group">
					<left>180</left>
					<top>70</top>
					<visible>Container.Content(episodes) | Container.Content(files)</visible>
					<control type="image">
						<left>3</left>
						<top>-3</top>
						<width>44</width>
						<height>44</height>
						<aspectratio>keep</aspectratio>
						<texture colordiffuse="$VAR[AccentColor]">overlays/badge.png</texture>
						<visible>String.IsEmpty(ListItem.Rating) | !String.IsEmpty(Window(Home).Property(SkinHelper.ListItem.Rating.TVDB))</visible>
					</control>
					<control type="label">
						<left>3</left>
						<top>-3</top>
						<align>center</align>
						<aligny>center</aligny>
						<width>44</width>
						<height>44</height>
						<font>font20_title</font>
						<label>$INFO[Window(Home).Property(SkinHelper.ListItem.Rating.TVDB)]</label>
						<visible>!String.IsEmpty(Window(Home).Property(SkinHelper.ListItem.Rating.TVDB))</visible>
					</control>
				</control>
				<control type="group">
					<left>180</left>
					<top>70</top>
					<include condition="Skin.HasSetting(circle_rating) | Skin.HasSetting(circle_userrating)">RatingCircle</include>
				</control>
				<control type="label">
					<top>665</top>
					<left>50</left>
					<label>$INFO[ListItem.Label]</label>
					<font>font_title</font>
					<textcolor>$VAR[AccentColor]</textcolor>
					<visible>!Container.Content(files) + !Container.Content(episodes)</visible>
				</control>
				<control type="label">
					<top>665</top>
					<left>50</left>
					<label>$INFO[ListItem.Title]</label>
					<font>font_title</font>
					<textcolor>$VAR[AccentColor]</textcolor>
					<visible>[Container.Content(files) | Container.Content(episodes)] + !String.IsEmpty(ListItem.Title)</visible>
				</control>
				<control type="label">
					<top>665</top>
					<left>50</left>
					<label>$INFO[ListItem.Label]</label>
					<font>font_title</font>
					<textcolor>$VAR[AccentColor]</textcolor>
					<visible>[Container.Content(files) + Container.Content(episodes)] + String.IsEmpty(ListItem.Title)</visible>
				</control>
				<control type="textbox">
					<font>font_description</font>
					<left>50</left>
					<right>50</right>
					<top>735</top>
					<bottom>110</bottom>
					<label>$INFO[ListItem.Plot]</label>
					<autoscroll time="3000" delay="7000" repeat="5000">!System.HasActiveModalDialog + Skin.HasSetting(AutoScroll)</autoscroll>
				</control>
				<control type="scrollbar" id="502600">
					<left>20</left>
					<top>list_y_offset</top>
					<width>12</width>
					<bottom>list_y_offset</bottom>
					<onleft>502</onleft>
					<onright>502</onright>
					<orientation>vertical</orientation>
					<animation effect="zoom" end="50,100" time="300" tween="sine" center="20,0" easing="inout" condition="!Control.HasFocus(502600)">conditional</animation>
				</control>
				<control type="group">
					<left>40</left>
					<top>770</top>
					<visible>ListItem.IsCollection + String.IsEmpty(ListItem.Plot)</visible>
					<include content="InfoList">
						<param name="bottom" value="108" />
						<param name="width" value="1000" />
						<param name="sortby" value="year" />
						<param name="sortorder" value="ascending" />
						<param name="font" value="font13" />
					</include>
				</control>
			</control>
			<include content="MediaFlagsBottom">
				<visible>Control.IsVisible(502)</visible>
				<param name="left">755</param>
				<param name="width">700</param>
			</include>
		</control>
	</include>
</includes>
